"gage_id"	"nws_id"	"agency"	"station_name"	"domain"	"nwm_v3_calibration"	"headwater_calibration"
"01015800"	"MASM1"	"USGS"	"Aroostook River near Masardis, Maine"	"CONUS"	"true"	"true"
"01021480"	"WSLM1"	"USGS"	"Old Stream near Wesley, Maine"	"CONUS"	"true"	"true"
"01027200"	"SBMM1"	"USGS"	"North Branch Penobscot River nr Pittston Farm, ME"	"CONUS"	"true"	"true"
"01011000"	"ALLM1"	"USGS"	"Allagash River near Allagash, Maine"	"CONUS"	"true"	"true"
"01031500"	"DOVM1"	"USGS"	"Piscataquis River near Dover-Foxcroft, Maine"	"CONUS"	"true"	"true"
"01037380"	"LINM1"	"USGS"	"Ducktrap River near Lincolnville, Maine"	"CONUS"	"true"	"true"
"01038000"	"NWFM1"	"USGS"	"Sheepscot River at North Whitefield, Maine"	"CONUS"	"true"	"true"
"01044550"	"SPEM1"	"USGS"	"Spencer Stream near Grand Falls, Maine"	"CONUS"	"true"	"true"
"01046000"	"AUSM1"	"USGS"	"Austin Stream at Bingham, Maine"	"CONUS"	"true"	"true"
"01047000"	"NANM1"	"USGS"	"Carrabassett River near North Anson, Maine"	"CONUS"	"true"	"true"
"01047200"	"MDIM1"	"USGS"	"Sandy River near Madrid, Maine"	"CONUS"	"true"	"true"
"01048000"	"MERM1"	"USGS"	"Sandy River near Mercer, Maine"	"CONUS"	"true"	"true"
"01048220"	"ATHM1"	"USGS"	"East Branch Wesserunsett Stream near Athens, Maine"	"CONUS"	"true"	"true"
"SFH"		"CADWR"	""	"CONUS"	"true"	"true"
"01029200"	"SBSM1"	"USGS"	"Seboeis River near Shin Pond, Maine"	"CONUS"	"true"	"true"
"01029500"	"GRNM1"	"USGS"	"East Branch Penobscot River at Grindstone, Maine"	"CONUS"	"true"	"true"
"01031300"	"BLAM1"	"USGS"	"Piscataquis River at Blanchard, Maine"	"CONUS"	"true"	"true"
"01055000"	"ROXM1"	"USGS"	"Swift River near Roxbury, Maine"	"CONUS"	"true"	"true"
"01057000"	"SPSM1"	"USGS"	"Little Androscoggin River near South Paris, Maine"	"CONUS"	"true"	"true"
"01064500"	"CNWN3"	"USGS"	"Saco River near Conway, NH"	"CONUS"	"true"	"true"
"01064801"	"BCPN3"	"USGS"	"BEARCAMP RIVER AT SOUTH TAMWORTH, NH"	"CONUS"	"true"	"true"
"01067950"	"KNKM1"	"USGS"	"Kennebunk River near Kennebunk, Maine"	"CONUS"	"true"	"true"
"01069700"	"KBKM1"	"USGS"	"Branch Brook near Kennebunk, Maine"	"CONUS"	"true"	"true"
"01073000"	"OYSN3"	"USGS"	"OYSTER RIVER NEAR DURHAM, NH"	"CONUS"	"true"	"true"
"01073500"	"LAMN3"	"USGS"	"LAMPREY RIVER NEAR NEWMARKET, NH"	"CONUS"	"true"	"true"
"01054200"	"GILM1"	"USGS"	"Wild River at Gilead, Maine"	"CONUS"	"true"	"true"
"01054300"	"SADM1"	"USGS"	"Ellis River at South Andover, Maine"	"CONUS"	"true"	"true"
"01078000"	"BRSN3"	"USGS"	"SMITH RIVER NEAR BRISTOL, NH"	"CONUS"	"true"	"true"
"01082000"	"PTRN3"	"USGS"	"CONTOOCOOK RIVER AT PETERBOROUGH, NH"	"CONUS"	"true"	"true"
"01086000"	"DAVN3"	"USGS"	"WARNER RIVER AT DAVISVILLE, NH"	"CONUS"	"true"	"true"
"01089100"	"SOUN3"	"USGS"	"SOUCOOK RIVER, AT PEMBROKE ROAD, NEAR CONCORD, NH"	"CONUS"	"true"	"true"
"01093852"	"MFDN3"	"USGS"	"SOUHEGAN RIVER (SITE WLR-1) NEAR MILFORD, NH"	"CONUS"	"true"	"true"
"01096000"	"WGTM3"	"USGS"	"SQUANNACOOK RIVER NEAR WEST GROTON, MA"	"CONUS"	"true"	"true"
"010965852"	"NPEN3"	"USGS"	"BEAVER BROOK AT NORTH PELHAM, NH"	"CONUS"	"true"	"true"
"01074520"	"LINN3"	"USGS"	"EAST BRANCH PEMIGEWASSET RIVER AT LINCOLN, NH"	"CONUS"	"true"	"true"
"01075000"	"WOON3"	"USGS"	"PEMIGEWASSET RIVER AT WOODSTOCK, NH"	"CONUS"	"true"	"true"
"01077400"	"GRTN3"	"USGS"	"COCKERMOUTH RIVER BELOW HARDY BROOK, AT GROTON, NH"	"CONUS"	"true"	"true"
"01100600"	"WLMM3"	"USGS"	"SHAWSHEEN RIVER NEAR WILMINGTON, MA"	"CONUS"	"true"	"true"
"01101000"	"BYFM3"	"USGS"	"PARKER RIVER AT BYFIELD, MA"	"CONUS"	"true"	"true"
"STO"		"CADWR"	""	"CONUS"	"true"	"true"
"01105000"	"NRWM3"	"USGS"	"NEPONSET RIVER AT NORWOOD, MA"	"CONUS"	"true"	"true"
"01105933"	"SDMM3"	"USGS"	"PASKAMANSET RIVER NEAR SOUTH DARTMOUTH, MA"	"CONUS"	"true"	"true"
"01108000"	"BDGM3"	"USGS"	"TAUNTON RIVER NEAR BRIDGEWATER, MA"	"CONUS"	"true"	"true"
"01115630"		"USGS"	"NOOSENECK RIVER AT NOOSENECK, RI"	"CONUS"	"true"	"true"
"01116905"		"USGS"	"HUNT R 250 FT DS FRY BRK AT FRENCHTOWN, RI"	"CONUS"	"true"	"true"
"01117370"		"USGS"	"QUEEN R AT LIBERTY RD AT LIBERTY RI"	"CONUS"	"true"	"true"
"01117468"	"BEAR1"	"USGS"	"BEAVER RIVER NEAR USQUEPAUG, RI"	"CONUS"	"true"	"true"
"01117800"	"ARCR1"	"USGS"	"WOOD RIVER NEAR ARCADIA, RI"	"CONUS"	"true"	"true"
"01118000"		"USGS"	"WOOD RIVER AT HOPE VALLEY, RI"	"CONUS"	"true"	"true"
"01121000"	"WRNC3"	"USGS"	"MOUNT HOPE RIVER NEAR WARRENVILLE, CT"	"CONUS"	"true"	"true"
"01127500"	"YTCC3"	"USGS"	"YANTIC RIVER AT YANTIC, CT"	"CONUS"	"true"	"true"
"01130000"	"GRUN3"	"USGS"	"UPPER AMMONOOSUC RIVER NEAR GROVETON, NH"	"CONUS"	"true"	"true"
"01134500"	"VICV1"	"USGS"	"MOOSE RIVER AT VICTORY, VT"	"CONUS"	"true"	"true"
"01135300"	"STJV1"	"USGS"	"SLEEPERS RIVER (SITE W-5) NEAR ST. JOHNSBURY, VT"	"CONUS"	"true"	"true"
"01135500"	"PASV1"	"USGS"	"PASSUMPSIC RIVER AT PASSUMPSIC, VT"	"CONUS"	"true"	"true"
"01137500"	"BETN3"	"USGS"	"AMMONOOSUC RIVER AT BETHLEHEM JUNCTION, NH"	"CONUS"	"true"	"true"
"01139000"	"WLRV1"	"USGS"	"WELLS RIVER AT WELLS RIVER, VT"	"CONUS"	"true"	"true"
"01142500"	"RANV1"	"USGS"	"AYERS BROOK AT RANDOLPH, VT"	"CONUS"	"true"	"true"
"01144000"	"WEHV1"	"USGS"	"WHITE RIVER AT WEST HARTFORD, VT"	"CONUS"	"true"	"true"
"01152500"	"WCLN3"	"USGS"	"SUGAR RIVER AT WEST CLAREMONT, NH"	"CONUS"	"true"	"true"
"01162500"	"WINM3"	"USGS"	"PRIEST BROOK NEAR WINCHENDON, MA"	"CONUS"	"true"	"true"
"01169000"	"SHVM3"	"USGS"	"NORTH RIVER AT SHATTUCKVILLE, MA"	"CONUS"	"true"	"true"
"01170100"	"CRNM3"	"USGS"	"GREEN RIVER NEAR COLRAIN, MA"	"CONUS"	"true"	"true"
"01171500"	"NMIM3"	"USGS"	"MILL RIVER AT NORTHAMPTON, MA"	"CONUS"	"true"	"true"
"01174565"	"SHUM3"	"USGS"	"WEST BRANCH SWIFT RIVER NEAR SHUTESBURY, MA"	"CONUS"	"true"	"true"
"01154000"	"SAXV1"	"USGS"	"SAXTONS RIVER AT SAXTONS RIVER, VT"	"CONUS"	"true"	"true"
"01181000"	"HNTM3"	"USGS"	"WEST BRANCH WESTFIELD RIVER AT HUNTINGTON, MA"	"CONUS"	"true"	"true"
"01187300"	"WHTC3"	"USGS"	"HUBBARD RIVER NEAR WEST HARTLAND, CT"	"CONUS"	"true"	"true"
"01193500"	"EHMC3"	"USGS"	"SALMON RIVER NEAR EAST HAMPTON, CT"	"CONUS"	"true"	"true"
"01194000"		"USGS"	"EIGHTMILE RIVER AT NORTH PLAIN, CT"	"CONUS"	"true"	"true"
"01194500"		"USGS"	"EAST BRANCH EIGHTMILE RIVER NEAR NORTH LYME, CT"	"CONUS"	"true"	"true"
"01201487"	"BKFC3"	"USGS"	"STILL RIVER AT ROUTE 7 AT BROOKFIELD CENTER, CT"	"CONUS"	"true"	"true"
"012035055"		"USGS"	"POOTATUCK RIVER AT BERKSHIRE"	"CONUS"	"true"	"true"
"01203805"	"HKVC3"	"USGS"	"WEEKEEPEEMEE RIVER AT HOTCHKISSVILLE, CT"	"CONUS"	"true"	"true"
"01208990"		"USGS"	"SAUGATUCK RIVER NEAR REDDING, CT"	"CONUS"	"true"	"true"
"01198000"	"GBGM3"	"USGS"	"GREEN RIVER NEAR GREAT BARRINGTON, MA"	"CONUS"	"true"	"true"
"01200000"	"TENN6"	"USGS"	"TENMILE RIVER NEAR GAYLORDSVILLE, CT"	"CONUS"	"true"	"true"
"01321000"	"HOPN6"	"USGS"	"SACANDAGA RIVER NEAR HOPE NY"	"CONUS"	"true"	"true"
"01330000"	"GLWN6"	"USGS"	"GLOWEGEE CREEK AT WEST MILTON NY"	"CONUS"	"true"	"true"
"01332500"	"WILM3"	"USGS"	"HOOSIC RIVER NEAR WILLIAMSTOWN, MA"	"CONUS"	"true"	"true"
"01333000"	"GRWM3"	"USGS"	"GREEN RIVER AT WILLIAMSTOWN, MA"	"CONUS"	"true"	"true"
"01343060"	"WMRN6"	"USGS"	"WEST CANADA CREEK NEAR WILMURT NY"	"CONUS"	"true"	"true"
"01350000"	"PTVN6"	"USGS"	"SCHOHARIE CREEK AT PRATTSVILLE NY"	"CONUS"	"true"	"true"
"01350035"	"BEAN6"	"USGS"	"BEAR KILL NEAR PRATTSVILLE NY"	"CONUS"	"true"	"true"
"01350080"	"MNRN6"	"USGS"	"MANOR KILL AT WEST CONESVILLE NEAR GILBOA NY"	"CONUS"	"true"	"true"
"01362200"	"ALAN6"	"USGS"	"ESOPUS CREEK AT ALLABEN NY"	"CONUS"	"true"	"true"
"CHC"		"CADWR"	""	"CONUS"	"true"	"true"
"01362497"	"BCFN6"	"USGS"	"LITTLE BEAVER KILL AT BEECHFORD NEAR MT TREMPER NY"	"CONUS"	"true"	"true"
"01363382"	"BKWN6"	"USGS"	"BUSH KILL BLW MALTBY HOLLOW BK AT WEST SHOKAN NY"	"CONUS"	"true"	"true"
"01365000"	"LWSN6"	"USGS"	"RONDOUT CREEK NEAR LOWES CORNERS NY"	"CONUS"	"true"	"true"
"01367500"	"ROSN6"	"USGS"	"RONDOUT CREEK AT ROSENDALE NY"	"CONUS"	"true"	"true"
"0136230002"	"WDLN6"	"USGS"	"WOODLAND CREEK ABOVE MOUTH AT PHOENICIA NY"	"CONUS"	"true"	"true"
"0137449480"	"PUTN6"	"USGS"	"EAST BRANCH CROTON RIVER NEAR PUTNAM LAKE NY"	"CONUS"	"true"	"true"
"01374559"	"RVLN6"	"USGS"	"WEST BRANCH CROTON RIVER AT RICHARDSVILLE NY"	"CONUS"	"true"	"true"
"0137462010"	"WBCN6"	"USGS"	"WEST BRANCH CROTON RIVER NEAR CARMEL NY"	"CONUS"	"true"	"true"
"01374781"	"SLCN6"	"USGS"	"TITICUS RIVER BELOW JUNE ROAD AT SALEM CENTER NY"	"CONUS"	"true"	"true"
"01374890"	"XRVN6"	"USGS"	"CROSS RIVER NEAR CROSS RIVER NY"	"CONUS"	"true"	"true"
"01381400"	"WHPN4"	"USGS"	"Whippany River near Morristown NJ"	"CONUS"	"true"	"true"
"01384500"	"RWCN4"	"USGS"	"Ringwood Creek near Wanaque NJ"	"CONUS"	"true"	"true"
"01387450"	"SUFN6"	"USGS"	"Mahwah River near Suffern NY"	"CONUS"	"true"	"true"
"01387500"	"MAWN4"	"USGS"	"Ramapo River near Mahwah NJ"	"CONUS"	"true"	"true"
"01390450"	"SADN4"	"USGS"	"Saddle River at Upper Saddle River NJ"	"CONUS"	"true"	"true"
"01391500"	"LODN4"	"USGS"	"Saddle River at Lodi NJ"	"CONUS"	"true"	"true"
"01397000"	"STTN4"	"USGS"	"South Branch Raritan River at Stanton NJ"	"CONUS"	"true"	"true"
"01400000"	"RRTN4"	"USGS"	"North Branch Raritan River near Raritan NJ"	"CONUS"	"true"	"true"
"SMW"		"CADWR"	""	"CONUS"	"true"	"true"
"01409810"	"JENN4"	"USGS"	"West Branch Wading River near Jenkins NJ"	"CONUS"	"true"	"true"
"01411300"	"TUKN4"	"USGS"	"Tuckahoe River at Head of River NJ"	"CONUS"	"true"	"true"
"01403900"	"MDSN4"	"USGS"	"Bound Brook at Middlesex NJ"	"CONUS"	"true"	"true"
"01413408"	"DRYN6"	"USGS"	"DRY BROOK AT ARKVILLE"	"CONUS"	"true"	"true"
"01413500"	"MRGN6"	"USGS"	"EAST BRANCH DELAWARE RIVER AT MARGARETVILLE NY"	"CONUS"	"true"	"true"
"01414000"	"PLTN6"	"USGS"	"PLATTE KILL AT DUNRAVEN NY"	"CONUS"	"true"	"true"
"01414500"	"DUNN6"	"USGS"	"MILL BROOK NEAR DUNRAVEN NY"	"CONUS"	"true"	"true"
"01415000"	"TPKN6"	"USGS"	"TREMPER KILL NEAR ANDES NY"	"CONUS"	"true"	"true"
"01421618"	"HTBN6"	"USGS"	"TOWN BROOK SOUTHEAST OF HOBART NY"	"CONUS"	"true"	"true"
"01421900"	"DELN6"	"USGS"	"WEST BRANCH DELAWARE RIVER UPSTREAM FROM DELHI NY"	"CONUS"	"true"	"true"
"01422500"	"LDWN6"	"USGS"	"LITTLE DELAWARE RIVER NEAR DELHI NY"	"CONUS"	"true"	"true"
"01423000"	"WALN6"	"USGS"	"WEST BRANCH DELAWARE RIVER AT WALTON NY"	"CONUS"	"true"	"true"
"0142400103"	"TRCN6"	"USGS"	"TROUT CREEK NEAR TROUT CREEK NY"	"CONUS"	"true"	"true"
"01434017"	"EBNN6"	"USGS"	"EAST BRANCH NEVERSINK RIVER NEAR CLARYVILLE NY"	"CONUS"	"true"	"true"
"01434498"	"NVWN6"	"USGS"	"WEST BRANCH NEVERSINK RIVER AT CLARYVILLE NY"	"CONUS"	"true"	"true"
"MCD"		"CADWR"	""	"CONUS"	"true"	"true"
"01439500"	"SHOP1"	"USGS"	"Bush Kill at Shoemakers, PA"	"CONUS"	"true"	"true"
"01440000"	"FLAN4"	"USGS"	"Flat Brook near Flatbrookville NJ"	"CONUS"	"true"	"true"
"01440400"	"ALKP1"	"USGS"	"Brodhead Creek near Analomink, PA"	"CONUS"	"true"	"true"
"01447720"	"TBYP1"	"USGS"	"Tobyhanna Creek near Blakeslee, PA"	"CONUS"	"true"	"true"
"MCK"		"CADWR"	""	"CONUS"	"true"	"true"
"01451800"	"SNVP1"	"USGS"	"Jordan Creek near Schnecksville, PA"	"CONUS"	"true"	"true"
"01464000"	"TACN4"	"USGS"	"Assunpink Creek at Trenton NJ"	"CONUS"	"true"	"true"
"01465500"	"LNGP1"	"USGS"	"Neshaminy Creek near Langhorne, PA"	"CONUS"	"true"	"true"
"LCV"		"CADWR"	""	"CONUS"	"true"	"true"
"01470500"	"BREP1"	"USGS"	"Schuylkill River at Berne, PA"	"CONUS"	"true"	"true"
"01471875"	"SPGP1"	"USGS"	"Manatawny Creek near Spangsville, PA"	"CONUS"	"true"	"true"
"01473000"	"GRAP1"	"USGS"	"Perkiomen Creek at Graterford, PA"	"CONUS"	"true"	"true"
"01467042"		"USGS"	"Pennypack Creek at Pine Road, at Philadelphia, PA"	"CONUS"	"true"	"true"
"01478245"	"SKVP1"	"USGS"	"White Clay Creek near Strickersville, PA"	"CONUS"	"true"	"true"
"01481000"	"CDFP1"	"USGS"	"Brandywine Creek at Chadds Ford, PA"	"CONUS"	"true"	"true"
"CMF"		"CADWR"	""	"CONUS"	"true"	"true"
"01485000"	"WLRM2"	"USGS"	"POCOMOKE RIVER NEAR WILLARDS, MD"	"CONUS"	"true"	"true"
"01485500"	"NSWM2"	"USGS"	"NASSAWANGO CREEK NEAR SNOW HILL, MD"	"CONUS"	"true"	"true"
"01487000"	"BGLD1"	"USGS"	"NANTICOKE RIVER NEAR BRIDGEVILLE, DE"	"CONUS"	"true"	"true"
"01491000"	"GNBM2"	"USGS"	"CHOPTANK RIVER NEAR GREENSBORO, MD"	"CONUS"	"true"	"true"
"01492500"		"USGS"	"SALLIE HARRIS CREEK NEAR CARMICHAEL, MD"	"CONUS"	"true"	"true"
"RBW"		"CADWR"	""	"CONUS"	"true"	"true"
"01505000"	"SHBN6"	"USGS"	"CHENANGO RIVER AT SHERBURNE NY"	"CONUS"	"true"	"true"
"01509000"	"CRTN6"	"USGS"	"TIOUGHNIOGA RIVER AT CORTLAND NY"	"CONUS"	"false"	"true"
"01510000"	"CINN6"	"USGS"	"OTSELIC RIVER AT CINCINNATUS NY"	"CONUS"	"true"	"true"
"01516500"	"MBGP1"	"USGS"	"Corey Creek near Mainesburg, PA"	"CONUS"	"true"	"true"
"01518862"	"WFDP1"	"USGS"	"Cowanesque River at Westfield, PA"	"CONUS"	"true"	"true"
"PDR"		"CADWR"	""	"CONUS"	"true"	"true"
"01493500"	"KENM2"	"USGS"	"MORGAN CREEK NEAR KENNEDYVILLE, MD"	"CONUS"	"true"	"true"
"01532000"	"MONP1"	"USGS"	"Towanda Creek near Monroeton, PA"	"CONUS"	"true"	"true"
"DCM"		"CADWR"	""	"CONUS"	"true"	"true"
"01525981"	"ADNN6"	"USGS"	"TUSCARORA CREEK ABOVE SOUTH ADDISON NY"	"CONUS"	"true"	"true"
"01527500"	"AVCN6"	"USGS"	"COHOCTON RIVER AT AVOCA NY"	"CONUS"	"true"	"true"
"01555000"	"PNCP1"	"USGS"	"Penns Creek at Penns Creek, PA"	"CONUS"	"true"	"true"
"CNF"		"CADWR"	""	"CONUS"	"true"	"true"
"01564500"	"AUGP1"	"USGS"	"Aughwick Creek near Three Springs, PA"	"CONUS"	"true"	"true"
"01566000"	"PORP1"	"USGS"	"Tuscarora Creek near Port Royal, PA"	"CONUS"	"true"	"true"
"01567500"	"LYVP1"	"USGS"	"Bixler Run near Loysville, PA"	"CONUS"	"true"	"true"
"01568000"	"SMDP1"	"USGS"	"Sherman Creek at Shermans Dale, PA"	"CONUS"	"true"	"true"
"01571184"	"MTKP1"	"USGS"	"Mountain Creek near Pine Grove Furnace, PA"	"CONUS"	"true"	"true"
"TRR"		"CADWR"	""	"CONUS"	"true"	"true"
"01556000"	"WIBP1"	"USGS"	"Frankstown Br Juniata River at Williamsburg, PA"	"CONUS"	"true"	"true"
"01557500"	"BLDP1"	"USGS"	"Bald Eagle Creek at Tyrone, PA"	"CONUS"	"true"	"true"
"01558000"	"SPKP1"	"USGS"	"Little Juniata River at Spruce Creek, PA"	"CONUS"	"true"	"true"
"01580000"	"RSPM2"	"USGS"	"DEER CREEK AT ROCKS, MD"	"CONUS"	"true"	"true"
"01581870"	"BCKM2"	"USGS"	"GEORGES RUN NEAR BECKLEYSVILLE, MD"	"CONUS"	"true"	"true"
"01583500"	"WRWM2"	"USGS"	"WESTERN RUN AT WESTERN RUN, MD"	"CONUS"	"true"	"true"
"01586610"	"MRLM2"	"USGS"	"MORGAN RUN NEAR LOUISVILLE, MD"	"CONUS"	"true"	"true"
"01591400"	"GLNM2"	"USGS"	"CATTAIL CREEK NEAR GLENWOOD, MD"	"CONUS"	"true"	"true"
"01594526"	"UPRM2"	"USGS"	"WESTERN BRANCH AT UPPER MARLBORO, MD"	"CONUS"	"true"	"true"
"01595000"	"STYM2"	"USGS"	"NORTH BRANCH POTOMAC RIVER AT STEYER, MD"	"CONUS"	"true"	"true"
"01596500"	"BTNM2"	"USGS"	"SAVAGE RIVER NEAR BARTON, MD"	"CONUS"	"true"	"true"
"01601000"	"HYDP1"	"USGS"	"Wills Creek below Hyndman, PA"	"CONUS"	"true"	"true"
"MSS"		"CADWR"	""	"CONUS"	"true"	"true"
"01609000"	"OLTM2"	"USGS"	"TOWN CREEK NEAR OLDTOWN, MD"	"CONUS"	"true"	"true"
"01611500"	"GCPW2"	"USGS"	"CACAPON RIVER NEAR GREAT CACAPON, WV"	"CONUS"	"true"	"true"
"01613525"	"PECM2"	"USGS"	"LICKING CREEK AT PECTONVILLE, MD"	"CONUS"	"true"	"true"
"01613900"	"HFDV2"	"USGS"	"HOGUE CREEK NEAR HAYFIELD, VA"	"CONUS"	"true"	"true"
"01615000"	"BYVV2"	"USGS"	"OPEQUON CREEK NEAR BERRYVILLE, VA"	"CONUS"	"true"	"true"
"01616500"	"MBGW2"	"USGS"	"OPEQUON CREEK NEAR MARTINSBURG, WV"	"CONUS"	"true"	"true"
"01606000"	"CABW2"	"USGS"	"N F SOUTH BRANCH POTOMAC RIVER AT CABINS, WV"	"CONUS"	"true"	"true"
"01632000"	"COOV2"	"USGS"	"N F SHENANDOAH RIVER AT COOTES STORE, VA"	"CONUS"	"true"	"true"
"01632900"	"NWMV2"	"USGS"	"SMITH CREEK NEAR NEW MARKET, VA"	"CONUS"	"true"	"true"
"CLV"		"CADWR"	""	"CONUS"	"true"	"true"
"01620500"	"SKVV2"	"USGS"	"NORTH RIVER NEAR STOKESVILLE, VA"	"CONUS"	"true"	"true"
"01636690"	"LVTV2"	"USGS"	"PINEY RUN NEAR LOVETTSVILLE, VA"	"CONUS"	"true"	"true"
"01638480"	"TAYV2"	"USGS"	"CATOCTIN CREEK AT TAYLORSTOWN, VA"	"CONUS"	"true"	"true"
"01639500"	"BRUM2"	"USGS"	"BIG PIPE CREEK AT BRUCEVILLE, MD"	"CONUS"	"true"	"true"
"01643000"	"FDKM2"	"USGS"	"MONOCACY RIVER AT JUG BRIDGE NEAR FREDERICK, MD"	"CONUS"	"false"	"true"
"ICR"		"CADWR"	""	"CONUS"	"true"	"true"
"01634500"	"WCCV2"	"USGS"	"CEDAR CREEK NEAR WINCHESTER, VA"	"CONUS"	"true"	"true"
"01645000"	"DAWM2"	"USGS"	"SENECA CREEK AT DAWSONVILLE, MD"	"CONUS"	"true"	"true"
"01649500"		"USGS"	"NORTHEAST BRANCH ANACOSTIA RIVER AT RIVERDALE, MD"	"CONUS"	"true"	"true"
"JBR"		"CADWR"	""	"CONUS"	"true"	"true"
"01643700"	"MDLV2"	"USGS"	"GOOSE CREEK NEAR MIDDLEBURG, VA"	"CONUS"	"true"	"true"
"01644000"	"LEEV2"	"USGS"	"GOOSE CREEK NEAR LEESBURG, VA"	"CONUS"	"true"	"true"
"01653600"	"PSCM2"	"USGS"	"PISCATAWAY CREEK AT PISCATAWAY, MD"	"CONUS"	"true"	"true"
"01661050"	"CLMM2"	"USGS"	"ST CLEMENTS CREEK NEAR CLEMENTS, MD"	"CONUS"	"true"	"true"
"01662800"	"LRLV2"	"USGS"	"BATTLE RUN NEAR LAUREL MILLS, VA"	"CONUS"	"true"	"true"
"EVA"		"CADWR"	""	"CONUS"	"true"	"true"
"01669000"	"TPPV2"	"USGS"	"PISCATAWAY CREEK NEAR TAPPAHANNOCK, VA"	"CONUS"	"true"	"true"
"01669520"	"DGSV2"	"USGS"	"DRAGON SWAMP AT MASCOT, VA"	"CONUS"	"true"	"true"
"01673800"	"SPTV2"	"USGS"	"PO RIVER NEAR SPOTSYLVANIA, VA"	"CONUS"	"true"	"true"
"02011400"	"BCVV2"	"USGS"	"JACKSON RIVER NEAR BACOVA, VA"	"CONUS"	"true"	"true"
"02011460"	"BKSV2"	"USGS"	"BACK CREEK NEAR SUNRISE, VA"	"CONUS"	"true"	"true"
"01664000"	"RENV2"	"USGS"	"RAPPAHANNOCK RIVER AT REMINGTON, VA"	"CONUS"	"true"	"true"
"01665500"	"RUCV2"	"USGS"	"RAPIDAN RIVER NEAR RUCKERSVILLE, VA"	"CONUS"	"true"	"true"
"01666500"	"LOCV2"	"USGS"	"ROBINSON RIVER NEAR LOCUST DALE, VA"	"CONUS"	"true"	"true"
"02017500"	"JCRV2"	"USGS"	"JOHNS CREEK AT NEW CASTLE, VA"	"CONUS"	"true"	"true"
"02018500"	"CTWV2"	"USGS"	"CATAWBA CREEK NEAR CATAWBA, VA"	"CONUS"	"true"	"true"
"02027000"	"TYLV2"	"USGS"	"TYE RIVER NEAR LOVINGSTON, VA"	"CONUS"	"true"	"true"
"02027500"	"PIRV2"	"USGS"	"PINEY RIVER AT PINEY RIVER, VA"	"CONUS"	"true"	"true"
"02028500"	"RKRV2"	"USGS"	"ROCKFISH RIVER NEAR GREENFIELD, VA"	"CONUS"	"true"	"true"
"02030500"	"ARVV2"	"USGS"	"SLATE RIVER NEAR ARVONIA, VA"	"CONUS"	"true"	"true"
"02013000"	"DLPV2"	"USGS"	"DUNLAP CREEK NEAR COVINGTON, VA"	"CONUS"	"true"	"true"
"02014000"	"PTCV2"	"USGS"	"POTTS CREEK NEAR COVINGTON, VA"	"CONUS"	"true"	"true"
"02015700"	"BPRV2"	"USGS"	"BULLPASTURE RIVER AT WILLIAMSVILLE, VA"	"CONUS"	"true"	"true"
"02032640"	"NFRV2"	"USGS"	"N F RIVANNA RIVER NEAR EARLYSVILLE, VA"	"CONUS"	"true"	"true"
"02046000"	"SNKV2"	"USGS"	"STONY CREEK NEAR DINWIDDIE, VA"	"CONUS"	"true"	"true"
"02051000"	"LNBV2"	"USGS"	"NORTH MEHERRIN RIVER NEAR LUNENBURG, VA"	"CONUS"	"true"	"true"
"02051500"	"LAWV2"	"USGS"	"MEHERRIN RIVER NEAR LAWRENCEVILLE, VA"	"CONUS"	"true"	"true"
"02053200"	"POTN7"	"USGS"	"POTECASI CREEK NEAR UNION, NC"	"CONUS"	"true"	"true"
"MFP"		"CADWR"	""	"CONUS"	"true"	"true"
"02055100"	"DAEV2"	"USGS"	"TINKER CREEK NEAR DALEVILLE, VA"	"CONUS"	"true"	"true"
"02056900"	"BLAV2"	"USGS"	"BLACKWATER RIVER NEAR ROCKY MOUNT, VA"	"CONUS"	"true"	"true"
"02059500"	"HDSV2"	"USGS"	"GOOSE CREEK NEAR HUDDLESTON, VA"	"CONUS"	"true"	"true"
"02065500"	"CUBV2"	"USGS"	"CUB CREEK AT PHENIX, VA"	"CONUS"	"true"	"true"
"02070000"	"NMRV2"	"USGS"	"NORTH MAYO RIVER NEAR SPENCER, VA"	"CONUS"	"true"	"true"
"02070500"	"PRIN7"	"USGS"	"MAYO RIVER NEAR PRICE, NC"	"CONUS"	"true"	"true"
"CDR"		"CADWR"	""	"CONUS"	"true"	"true"
"02079640"	"ALKV2"	"USGS"	"ALLEN CREEK NEAR BOYDTON, VA"	"CONUS"	"true"	"true"
"0208111310"	"WNDN7"	"USGS"	"CASHIE RIVER AT SR1257 NEAR WINDSOR, NC"	"CONUS"	"true"	"true"
"02081500"	"TRVN7"	"USGS"	"TAR RIVER NEAR TAR RIVER, NC"	"CONUS"	"true"	"true"
"02082770"	"SWIN7"	"USGS"	"SWIFT CREEK AT HILLIARDSTON, NC"	"CONUS"	"true"	"true"
"02082950"	"RNGN7"	"USGS"	"LITTLE FISHING CREEK NEAR WHITE OAK, NC"	"CONUS"	"true"	"true"
"02074500"	"SDRV2"	"USGS"	"SANDY RIVER NEAR DANVILLE, VA"	"CONUS"	"true"	"true"
"RCS"		"CADWR"	""	"CONUS"	"true"	"true"
"02092500"	"TNTN7"	"USGS"	"TRENT RIVER NEAR TRENTON, NC"	"CONUS"	"true"	"true"
"0209399200"	"HPNN7"	"USGS"	"HORSEPEN CREEK AT US 220 NR GREENSBORO, NC"	"CONUS"	"true"	"true"
"02095000"	"SBCN7"	"USGS"	"SOUTH BUFFALO CR NEAR GREENSBORO, NC"	"CONUS"	"true"	"true"
"02110500"	"LNGS1"	"USGS"	"WACCAMAW RIVER NEAR LONGS, SC"	"CONUS"	"true"	"true"
"02111180"	"EKVN7"	"USGS"	"ELK CREEK AT ELKVILLE, NC"	"CONUS"	"true"	"true"
"02111500"	"REDN7"	"USGS"	"REDDIES RIVER AT NORTH WILKESBORO, NC"	"CONUS"	"true"	"true"
"02118500"	"HUNN7"	"USGS"	"HUNTING CREEK NEAR HARMONY, NC"	"CONUS"	"true"	"true"
"0212467595"	"INDN7"	"USGS"	"GOOSE CREEK AT SR1525 NR INDIAN TRAIL, NC"	"CONUS"	"true"	"true"
"02132320"	"BSHN7"	"USGS"	"BIG SHOE HEEL CREEK NR LAURINBURG, NC"	"CONUS"	"true"	"true"
"02137727"	"PLGN7"	"USGS"	"CATAWBA R NR PLEASANT GARDENS, NC"	"CONUS"	"true"	"true"
"02140991"	"JOHN7"	"USGS"	"JOHNS RIVER AT ARNEYS STORE, NC"	"CONUS"	"true"	"true"
"02142000"	"ELLN7"	"USGS"	"LOWER LITTLE RIVER NR ALL HEALING SPRINGS, NC"	"CONUS"	"true"	"true"
"02143000"	"HNRN7"	"USGS"	"HENRY FORK NEAR HENRY RIVER, NC"	"CONUS"	"true"	"true"
"02143040"	"JFON7"	"USGS"	"JACOB FORK AT RAMSEY, NC"	"CONUS"	"true"	"true"
"021459367"	"BDMS1"	"USGS"	"BIG DUTCHMAN CREEK AT ROCK HILL, SC"	"CONUS"	"true"	"true"
"0214269560"	"KILN7"	"USGS"	"KILLIAN CREEK NEAR MARIPOSA, NC"	"CONUS"	"true"	"true"
"02147500"	"RKYS1"	"USGS"	"ROCKY CREEK AT GREAT FALLS, SC"	"CONUS"	"true"	"true"
"02DC012"		"ENVCA"	""	"CONUS"	"true"	"true"
"02152100"	"CSRN7"	"USGS"	"FIRST BROAD RIVER NEAR CASAR, NC"	"CONUS"	"true"	"true"
"02149000"	"COVN7"	"USGS"	"COVE CREEK NEAR LAKE LURE, NC"	"CONUS"	"true"	"true"
"02177000"	"CYNG1"	"USGS"	"CHATTOOGA RIVER NEAR CLAYTON, GA"	"CONUS"	"true"	"true"
"02178400"	"TRTG1"	"USGS"	"TALLULAH RIVER NEAR CLAYTON, GA"	"CONUS"	"true"	"true"
"02192500"	"MTCS1"	"USGS"	"LITTLE RIVER NEAR MT. CARMEL, SC"	"CONUS"	"true"	"true"
"02193340"	"KETG1"	"USGS"	"KETTLE CREEK NEAR WASHINGTON, GA"	"CONUS"	"true"	"true"
"02196000"	"MODS1"	"USGS"	"STEVENS CREEK NEAR MODOC, SC"	"CONUS"	"true"	"true"
"02198100"	"SARG1"	"USGS"	"BEAVERDAM CREEK NEAR SARDIS, GA"	"CONUS"	"true"	"true"
"02201000"	"DAVG1"	"USGS"	"WILLIAMSON SWAMP CREEK AT DAVISBORO, GA"	"CONUS"	"true"	"true"
"02202600"	"BLIG1"	"USGS"	"BLACK CREEK NEAR BLITCHTON, GA"	"CONUS"	"true"	"true"
"02204130"	"HONG1"	"USGS"	"HONEY CREEK AT GA 212, NEAR CONYERS, GA"	"CONUS"	"true"	"true"
"02207385"	"BIGG1"	"USGS"	"BIG HAYNES CREEK AT LENORA ROAD, NR SNELLVILLE, GA"	"CONUS"	"true"	"true"
"02208150"	"ALCG1"	"USGS"	"ALCOVY RIVER AT NEW HOPE ROAD, NEAR GRAYSON, GA"	"CONUS"	"true"	"true"
"02215100"	"TSCG1"	"USGS"	"TUCSAWHATCHEE CREEK NEAR HAWKINSVILLE, GA"	"CONUS"	"true"	"true"
"02217475"	"ACDG1"	"USGS"	"MIDDLE OCONEE RIVER NEAR ARCADE, GA"	"CONUS"	"true"	"true"
"02219000"	"BWKG1"	"USGS"	"APALACHEE RIVER NEAR BOSTWICK, GA"	"CONUS"	"true"	"true"
"02221525"	"MTLG1"	"USGS"	"MURDER CREEK BELOW EATONTON, GA"	"CONUS"	"true"	"true"
"02CF011"		"ENVCA"	""	"CONUS"	"true"	"true"
"02212600"	"FALG1"	"USGS"	"FALLING CREEK NEAR JULIETTE, GA"	"CONUS"	"true"	"true"
"02228500"	"MNIG1"	"USGS"	"NORTH PRONG ST. MARYS RIVER AT MONIAC, GA"	"CONUS"	"true"	"true"
"02231342"	"FTCF1"	"USGS"	"FT DRUM CREEK AT SUNSHINE ST PKY NEAR FT DRUM, FL"	"CONUS"	"true"	"true"
"02AD010"		"ENVCA"	""	"CONUS"	"true"	"true"
"02236500"	"BCNF1"	"USGS"	"BIG CREEK NEAR CLERMONT, FL"	"CONUS"	"true"	"true"
"02EA018"		"ENVCA"	""	"CONUS"	"true"	"true"
"02245500"	"PNYF1"	"USGS"	"SOUTH FORK BLACK CREEK NEAR PENNEY FARMS, FL"	"CONUS"	"true"	"true"
"02247510"	"THHF1"	"USGS"	"TOMOKA RIVER NEAR HOLLY HILL, FL"	"CONUS"	"true"	"true"
"02266200"	"WTCF1"	"USGS"	"WHITTENHORSE CREEK NEAR VINELAND, FL"	"CONUS"	"true"	"true"
"02298123"	"FOGF1"	"USGS"	"PRAIRIE CREEK NEAR FORT OGDEN FL"	"CONUS"	"true"	"true"
"02298488"	"MYKF1"	"USGS"	"MYAKKA RIVER UPST FROM YOUNGS CK NR MYAKKA CITY FL"	"CONUS"	"true"	"true"
"02EB014"		"ENVCA"	""	"CONUS"	"true"	"true"
"02299950"	"MKHF1"	"USGS"	"MANATEE RIVER AT SR 64 NEAR MYAKKA HEAD, FL"	"CONUS"	"true"	"true"
"02300033"	"FRUF1"	"USGS"	"BRADEN RIV AT LAKEWOOD RANCH NR LORRAINE FL"	"CONUS"	"true"	"true"
"02BF002"		"ENVCA"	""	"CONUS"	"true"	"true"
"02300700"	"WMMF1"	"USGS"	"BULLFROG CREEK NEAR WIMAUMA FL"	"CONUS"	"true"	"true"
"02301990"	"ZPRF1"	"USGS"	"HILLSBOROUGH R AB CRYSTAL SPR NEAR ZEPHYRHILLS FL"	"CONUS"	"true"	"true"
"02307359"	"TSGF1"	"USGS"	"BROOKER CREEK NEAR TARPON SPRINGS FL"	"CONUS"	"true"	"true"
"02303350"	"TCKF1"	"USGS"	"TROUT CREEK NEAR SULPHUR SPRINGS FL"	"CONUS"	"true"	"true"
"02303420"	"WRGF1"	"USGS"	"CYPRESS CREEK AT SR 54 AT WORTHINGTON GARDENS, FL"	"CONUS"	"true"	"true"
"02310525"		"USGS"	"WEEKI WACHEE RIVER NEAR BROOKSVILLE FL"	"CONUS"	"true"	"true"
"02312200"	"RERF1"	"USGS"	"LITTLE WITHLACOOCHEE RIVER AT RERDELL, FL"	"CONUS"	"true"	"true"
"02314500"	"FGOG1"	"USGS"	"SUWANNEE RIVER AT US 441, AT FARGO, GA"	"CONUS"	"true"	"true"
"02310947"	"CUMF1"	"USGS"	"WITHLACOOCHEE RIVER NEAR CUMPRESSCO, FL"	"CONUS"	"true"	"true"
"02320700"	"GRMF1"	"USGS"	"SANTA FE RIVER NEAR GRAHAM, FLA."	"CONUS"	"true"	"true"
"02321000"	"NRBF1"	"USGS"	"NEW RIVER NR LAKE BUTLER FLA"	"CONUS"	"true"	"true"
"02326900"	"NEPF1"	"USGS"	"ST. MARKS RIVER NEAR NEWPORT, FLA."	"CONUS"	"true"	"true"
"02324000"	"STEF1"	"USGS"	"STEINHATCHEE RIVER NEAR CROSS CITY, FLA."	"CONUS"	"true"	"true"
"02324400"	"FOLF1"	"USGS"	"FENHOLLOWAY RIVER NEAR FOLEY, FLA."	"CONUS"	"true"	"true"
"02330400"	"SNWF1"	"USGS"	"NEW RIVER NEAR SUMATRA, FLA"	"CONUS"	"true"	"true"
"02331000"	"CTHG1"	"USGS"	"CHATTAHOOCHEE RIVER NEAR LEAF, GA"	"CONUS"	"true"	"true"
"02335870"	"MARG1"	"USGS"	"SOPE CREEK NEAR MARIETTA, GA"	"CONUS"	"true"	"true"
"02336120"	"NPBG1"	"USGS"	"N.F. PEACHTREE CREEK, BUFORD HWY, NEAR ATLANTA, GA"	"CONUS"	"true"	"true"
"02336152"	"SFPG1"	"USGS"	"SOUTH FORK PEACHTREE AT CASA DR, NR CLARKSTON, GA"	"CONUS"	"true"	"true"
"02336526"	"PRCG1"	"USGS"	"PROCTOR CREEK AT JACKSON PARKWAY, AT ATLANTA, GA"	"CONUS"	"true"	"true"
"02BC006"		"ENVCA"	""	"CONUS"	"true"	"true"
"02335580"	"CMGG1"	"USGS"	"BIG CREEK AT GA 9, NEAR CUMMING, GA"	"CONUS"	"true"	"true"
"02338523"	"HILG1"	"USGS"	"HILLABAHATCHEE CREEK AT THAXTON RD, NR FRANKLIN,GA"	"CONUS"	"true"	"true"
"02336910"	"NATG1"	"USGS"	"SWEETWATER CR 0.05 MI US RR BRIDGE AT AUSTELL, GA"	"CONUS"	"true"	"true"
"02336968"	"NOSG1"	"USGS"	"NOSES CREEK AT POWDER SPRINGS RD,POWDER SPRINGS,GA"	"CONUS"	"true"	"true"
"02339495"	"LANA1"	"USGS"	"OSELIGEE CREEK NEAR LANETT AL"	"CONUS"	"true"	"true"
"02343940"	"CEDG1"	"USGS"	"SAWHATCHEE CREEK AT CEDAR SPRINGS, GA"	"CONUS"	"true"	"true"
"02359500"	"BENF1"	"USGS"	"ECONFINA CREEK NEAR BENNETT, FLA."	"CONUS"	"true"	"true"
"02361000"	"NEWA1"	"USGS"	"CHOCTAWHATCHEE RIVER NEAR NEWTON, AL."	"CONUS"	"true"	"true"
"02363000"	"ARTA1"	"USGS"	"PEA RIVER NEAR ARITON AL"	"CONUS"	"true"	"true"
"02365470"	"WRTF1"	"USGS"	"WRIGHTS CREEK AT SH 177-A NR BONIFAY,FL"	"CONUS"	"true"	"true"
"02365769"	"BREF1"	"USGS"	"BRUCE CREEK AT SH 81 NR REDBAY, FL"	"CONUS"	"true"	"true"
"02366000"	"VRNF1"	"USGS"	"HOLMES CREEK AT VERNON, FLA."	"CONUS"	"true"	"true"
"02366996"	"ALQF1"	"USGS"	"ALAQUA CREEK NEAR PLEASANT RIDGE, FL"	"CONUS"	"true"	"true"
"02370500"	"MLNF1"	"USGS"	"BIG COLDWATER CREEK NR MILTON, FLA."	"CONUS"	"true"	"true"
"02371500"	"BRNA1"	"USGS"	"CONECUH RIVER AT BRANTLEY AL"	"CONUS"	"true"	"true"
"02372250"	"PTSA1"	"USGS"	"PATSALIGA CREEK NEAR BRANTLEY AL"	"CONUS"	"true"	"true"
"02373000"	"UPBA1"	"USGS"	"SEPULGA RIVER NEAR MCKENZIE AL"	"CONUS"	"true"	"true"
"02374500"	"EVMA1"	"USGS"	"MURDER CREEK NEAR EVERGREEN AL"	"CONUS"	"true"	"true"
"02374745"	"BCNA1"	"USGS"	"BURNT CORN CREEK AT STATE HWY 41 NEAR BREWTON, AL."	"CONUS"	"true"	"true"
"02374950"	"STNA1"	"USGS"	"BIG ESCAMBIA CR AT SARDINE BR NR STANLEY CROSSROAD"	"CONUS"	"true"	"true"
"02378170"	"WLFA1"	"USGS"	"WOLF CREEK BELOW FOLEY, ALA"	"CONUS"	"true"	"true"
"02369800"	"BRDA1"	"USGS"	"BLACKWATER RIVER NEAR BRADLEY AL"	"CONUS"	"true"	"true"
"02387600"	"OTKG1"	"USGS"	"OOTHKALOOGA CREEK AT GA 53 SPUR, AT CALHOUN, GA"	"CONUS"	"true"	"true"
"02388975"	"LANG1"	"USGS"	"ETOWAH RIVER AT GA 136, NEAR LANDDRUM, GA"	"CONUS"	"true"	"true"
"02390000"	"DONG1"	"USGS"	"AMICALOLA CREEK NEAR DAWSONVILLE, GA."	"CONUS"	"true"	"true"
"02390140"	"FREG1"	"USGS"	"SETTINGDOWN CREEK NEAR BALL GROUND, GA"	"CONUS"	"true"	"true"
"02BB003"		"ENVCA"	""	"CONUS"	"true"	"true"
"02395120"	"KTRG1"	"USGS"	"TWO RUN CREEK NEAR KINGSTON, GA"	"CONUS"	"true"	"true"
"02400680"	"BGWA1"	"USGS"	"BIG WILLS CREEK AT STATE HWY 35 NR FORT PAYNE, AL"	"CONUS"	"true"	"true"
"02415000"	"HILA1"	"USGS"	"HILLABEE CREEK NEAR HACKNEYVILLE AL"	"CONUS"	"true"	"true"
"02418760"	"CHWA1"	"USGS"	"CHEWACLA CREEK AT CHEWACLA STATE PARK NR AUBURN"	"CONUS"	"true"	"true"
"02421000"	"CATA1"	"USGS"	"CATOMA CREEK NEAR MONTGOMERY AL"	"CONUS"	"false"	"true"
"02422500"	"JONA1"	"USGS"	"MULBERRY CREEK AT JONES AL"	"CONUS"	"true"	"true"
"02423130"	"TRSA1"	"USGS"	"CAHABA RIVER AT TRUSSVILLE, AL."	"CONUS"	"true"	"true"
"02FE008"		"ENVCA"	""	"CONUS"	"true"	"true"
"02408540"	"ROCA1"	"USGS"	"HATCHET CREEK BELOW ROCKFORD AL"	"CONUS"	"true"	"true"
"02427250"	"SNOA1"	"USGS"	"PINE BARREN CREEK NEAR SNOW HILL, AL."	"CONUS"	"true"	"true"
"02430085"	"MORM6"	"USGS"	"RED BUD CREEK NR MOORES MILL, MS"	"CONUS"	"true"	"true"
"02430880"	"CUMM6"	"USGS"	"CUMMINGS CREEK NR FULTON, MS"	"CONUS"	"true"	"true"
"02448900"	"BDKA1"	"USGS"	"BODKA CREEK NEAR GEIGER, AL."	"CONUS"	"true"	"true"
"02450250"	"GRAA1"	"USGS"	"SIPSEY FORK NEAR GRAYSON AL"	"CONUS"	"true"	"true"
"02450825"	"POPA1"	"USGS"	"CLEAR C AT NEW HOPE CHURCH NR POPLAR SPRINGS, AL."	"CONUS"	"true"	"true"
"02453000"	"MCHA1"	"USGS"	"BLACKWATER CREEK NEAR MANCHESTER AL"	"CONUS"	"true"	"true"
"02457595"	"REPA1"	"USGS"	"FIVEMILE CREEK NEAR REPUBLIC, AL"	"CONUS"	"true"	"true"
"02438000"	"HMTA1"	"USGS"	"BUTTAHATCHEE RIVER BELOW HAMILTON AL"	"CONUS"	"true"	"true"
"02464000"	"SAMA1"	"USGS"	"NORTH RIVER NEAR SAMANTHA AL"	"CONUS"	"true"	"true"
"02465493"	"ELLA1"	"USGS"	"ELLIOTTS CREEK AT MOUNDVILLE AL"	"CONUS"	"true"	"true"
"02467500"	"LVNA1"	"USGS"	"SUCARNOOCHEE RIVER AT LIVINGSTON AL"	"CONUS"	"true"	"true"
"02469800"	"SATA1"	"USGS"	"SATILPA CREEK NEAR COFFEEVILLE AL"	"CONUS"	"true"	"true"
"02AB021"		"ENVCA"	""	"CONUS"	"true"	"true"
"02479155"	"JNCM6"	"USGS"	"CYPRESS CREEK NR JANICE, MS"	"CONUS"	"true"	"true"
"02479300"	"VESM6"	"USGS"	"RED CREEK AT VESTRY, MS"	"CONUS"	"true"	"true"
"02479560"		"USGS"	"ESCATAWPA RIVER NEAR AGRICOLA MS"	"CONUS"	"true"	"true"
"02479945"	"WILA1"	"USGS"	"BIG CREEK AT COUNTY RD 63 NEAR WILMER, AL."	"CONUS"	"true"	"true"
"02472000"	"CLSM6"	"USGS"	"LEAF RIVER NR COLLINS, MS"	"CONUS"	"true"	"true"
"02472500"	"HBGM6"	"USGS"	"BOUIE CREEK NR HATTIESBURG, MS"	"CONUS"	"true"	"true"
"02472850"	"OKCM6"	"USGS"	"OKATOMA CREEK AT SANFORD, MS"	"CONUS"	"true"	"true"
"02481880"	"PLAM6"	"USGS"	"PEARL RIVER AT BURNSIDE, MS"	"CONUS"	"true"	"true"
"02BA003"		"ENVCA"	""	"CONUS"	"true"	"true"
"02481000"	"BLWM6"	"USGS"	"BILOXI RIVER AT WORTHAM, MS"	"CONUS"	"true"	"true"
"02481510"	"LNDM6"	"USGS"	"WOLF RIVER NR LANDON, MS"	"CONUS"	"true"	"true"
"03010655"	"SHNP1"	"USGS"	"Oswayo Creek at Shinglehouse, PA"	"CONUS"	"true"	"true"
"03010820"	"OLNN6"	"USGS"	"ALLEGHENY RIVER AT OLEAN NY"	"CONUS"	"true"	"true"
"03011800"	"GUFP1"	"USGS"	"Kinzua Creek near Guffey, PA"	"CONUS"	"true"	"true"
"03015500"	"YVLP1"	"USGS"	"Brokenstraw Creek at Youngsville, PA"	"CONUS"	"true"	"true"
"03028000"	"WCXP1"	"USGS"	"West Branch Clarion River at Wilcox, PA"	"CONUS"	"true"	"true"
"03029000"	"RDYP1"	"USGS"	"Clarion River at Ridgway, PA"	"CONUS"	"true"	"true"
"03032500"	"SNCP1"	"USGS"	"Redbank Creek at St. Charles, PA"	"CONUS"	"true"	"true"
"02ED003"		"ENVCA"	""	"CONUS"	"true"	"true"
"03021350"	"WTTP1"	"USGS"	"French Creek near Wattsburg, PA"	"CONUS"	"true"	"true"
"03042000"	"JOSP1"	"USGS"	"Blacklick Creek at Josephine, PA"	"CONUS"	"true"	"true"
"03045000"	"KINP1"	"USGS"	"Loyalhanna Creek at Kingston, PA"	"CONUS"	"true"	"true"
"03050000"	"DLYW2"	"USGS"	"TYGART VALLEY RIVER NEAR DAILEY, WV"	"CONUS"	"true"	"true"
"03052500"	"SNFW2"	"USGS"	"SAND RUN NEAR BUCKHANNON, WV"	"CONUS"	"true"	"true"
"03065000"	"HENW2"	"USGS"	"DRY FORK AT HENDRICKS, WV"	"CONUS"	"true"	"true"
"03068800"	"BOWW2"	"USGS"	"SHAVERS FORK BELOW BOWDEN, WV"	"CONUS"	"true"	"true"
"02AC001"		"ENVCA"	""	"CONUS"	"true"	"true"
"03052000"	"ADRW2"	"USGS"	"MIDDLE FORK RIVER AT AUDRA, WV"	"CONUS"	"true"	"true"
"03075905"	"CCMM2"	"USGS"	"CHERRY CREEK AT STATE PARK ROAD NEAR MCHENRY, MD"	"CONUS"	"true"	"true"
"03076600"	"BRCM2"	"USGS"	"BEAR CREEK AT FRIENDSVILLE, MD"	"CONUS"	"true"	"true"
"03078000"	"GNTM2"	"USGS"	"CASSELMAN RIVER AT GRANTSVILLE, MD"	"CONUS"	"true"	"true"
"02FA004"		"ENVCA"	""	"CONUS"	"true"	"true"
"03070500"	"ROCW2"	"USGS"	"BIG SANDY CREEK AT ROCKVILLE, WV"	"CONUS"	"true"	"true"
"03072000"	"SNPP1"	"USGS"	"Dunkard Creek at Shannopin, PA"	"CONUS"	"true"	"true"
"03093000"	"PHAO1"	"USGS"	"Eagle Creek at Phalanx Station OH"	"CONUS"	"true"	"true"
"02FF007"		"ENVCA"	""	"CONUS"	"true"	"true"
"03110830"	"WIRW2"	"USGS"	"KINGS CREEK AT WEIRTON, WV"	"CONUS"	"true"	"true"
"03114500"	"LTLW2"	"USGS"	"MIDDLE ISLAND CREEK AT LITTLE, WV"	"CONUS"	"true"	"true"
"03140000"		"USGS"	"Mill Creek near Coshocton OH"	"CONUS"	"true"	"true"
"03141870"	"LWCO1"	"USGS"	"Leatherwood Creek near Kipling OH"	"CONUS"	"true"	"true"
"03144000"	"FRAO1"	"USGS"	"Wakatomika Creek near Frazeysburg OH"	"CONUS"	"true"	"true"
"03145483"	"GRNO1"	"USGS"	"Raccoon Creek near Granville OH"	"CONUS"	"true"	"true"
"02FB007"		"ENVCA"	""	"CONUS"	"true"	"true"
"03151400"	"WLDW2"	"USGS"	"LITTLE KANAWHA RIVER NR WILDCAT, WV"	"CONUS"	"true"	"true"
"03154000"	"RCKW2"	"USGS"	"WEST FORK LITTLE KANAWHA RIVER AT ROCKSDALE, WV"	"CONUS"	"true"	"true"
"03161000"	"JFRN7"	"USGS"	"SOUTH FORK NEW RIVER NEAR JEFFERSON, NC"	"CONUS"	"true"	"true"
"03164000"	"GAXV2"	"USGS"	"NEW RIVER NEAR GALAX, VA"	"CONUS"	"true"	"true"
"03165000"	"CCKV2"	"USGS"	"CHESTNUT CREEK AT GALAX, VA"	"CONUS"	"true"	"true"
"03149500"	"CLLO1"	"USGS"	"Salt Creek near Chandlersville OH"	"CONUS"	"true"	"true"
"03173000"	"BANV2"	"USGS"	"WALKER CREEK AT BANE, VA"	"CONUS"	"true"	"true"
"03175500"	"WOLV2"	"USGS"	"WOLF CREEK NEAR NARROWS, VA"	"CONUS"	"true"	"true"
"03177710"	"BRVV2"	"USGS"	"BLUESTONE RIVER AT FALLS MILLS, VA"	"CONUS"	"true"	"true"
"03180500"	"DRBW2"	"USGS"	"GREENBRIER RIVER AT DURBIN, WV"	"CONUS"	"true"	"true"
"03183500"	"ALDW2"	"USGS"	"GREENBRIER RIVER AT ALDERSON, WV"	"CONUS"	"true"	"true"
"03186500"	"DYRW2"	"USGS"	"WILLIAMS RIVER AT DYER, WV"	"CONUS"	"true"	"true"
"03187500"	"RCWW2"	"USGS"	"CRANBERRY RIVER NEAR RICHWOOD, WV"	"CONUS"	"true"	"true"
"03198350"	"WCFW2"	"USGS"	"CLEAR FORK AT WHITESVILLE, WV"	"CONUS"	"true"	"true"
"03210000"	"MTGK2"	"USGS"	"JOHNS CREEK NEAR META, KY"	"CONUS"	"true"	"true"
"03212750"	"WLCW2"	"USGS"	"TUG FORK DOWNSTREAM OF ELKHORN CREEK AT WELCH, WV"	"CONUS"	"true"	"true"
"03212980"	"BRSW2"	"USGS"	"DRY FORK AT BEARTOWN, WV"	"CONUS"	"true"	"true"
"03213500"	"PANW2"	"USGS"	"PANTHER CREEK NEAR PANTHER, WV"	"CONUS"	"true"	"true"
"03217500"	"LARO1"	"USGS"	"Scioto River at La Rue OH"	"CONUS"	"false"	"true"
"03228750"	"KLBO1"	"USGS"	"Alum Creek near Kilbourne OH"	"CONUS"	"true"	"true"
"03230310"	"WEJO1"	"USGS"	"Little Darby Creek at West Jefferson OH"	"CONUS"	"true"	"true"
"03230500"	"DBVO1"	"USGS"	"Big Darby Creek at Darbyville OH"	"CONUS"	"true"	"true"
"03237280"		"USGS"	"Upper Twin Creek at McGaw OH"	"CONUS"	"true"	"true"
"03237500"	"WUNO1"	"USGS"	"Ohio Brush Creek near West Union OH"	"CONUS"	"true"	"true"
"03241500"	"WLFO1"	"USGS"	"Massies Creek at Wilberforce OH"	"CONUS"	"true"	"true"
"03248300"	"SAYK2"	"USGS"	"LICKING RIVER BELOW MASON FORK NR SALYERSVILLE, KY"	"CONUS"	"true"	"true"
"03252300"	"CREK2"	"USGS"	"HINKSTON CREEK NEAR CARLISLE, KY"	"CONUS"	"true"	"true"
"03254550"	"EDGK2"	"USGS"	"BANKLICK CREEK @ HIGHWAY 1829 NR ERLANGER, KY"	"CONUS"	"true"	"true"
"03251200"	"MTOK2"	"USGS"	"NORTH FORK LICKING RIVER NEAR MT OLIVET, KY"	"CONUS"	"true"	"true"
"03271300"	"KETO1"	"USGS"	"Holes Creek near Kettering OH"	"CONUS"	"true"	"true"
"03272700"	"CMDO1"	"USGS"	"Sevenmile Creek at Camden OH"	"CONUS"	"true"	"true"
"03275000"	"ALPI3"	"USGS"	"WHITEWATER RIVER NEAR ALPINE, IN"	"CONUS"	"true"	"true"
"03277075"	"GPCK2"	"USGS"	"GUNPOWDER CR AT CAMP ERNST RD NR UNION, KY"	"CONUS"	"true"	"true"
"03277130"	"BVLK2"	"USGS"	"MUD LICK CR AT HWY 42 NR BEAVERLICK, KY"	"CONUS"	"true"	"true"
"03277300"	"WHTK2"	"USGS"	"NORTH FORK KENTUCKY RIVER AT WHITESBURG, KY"	"CONUS"	"true"	"true"
"03281100"	"MCHK2"	"USGS"	"GOOSE CREEK AT MANCHESTER, KY"	"CONUS"	"true"	"true"
"03281500"	"BOOK2"	"USGS"	"SOUTH FORK KENTUCKY RIVER AT BOONEVILLE, KY"	"CONUS"	"true"	"true"
"03282040"	"CRMK2"	"USGS"	"STURGEON CREEK AT CRESSMONT, KY"	"CONUS"	"true"	"true"
"03282500"	"HGRK2"	"USGS"	"RED RIVER NEAR HAZEL GREEN, KY"	"CONUS"	"true"	"true"
"03285000"	"DNVK2"	"USGS"	"DIX RIVER NEAR DANVILLE, KY"	"CONUS"	"true"	"true"
"03280700"	"WTNK2"	"USGS"	"CUTSHIN CREEK AT WOOTON, KY"	"CONUS"	"true"	"true"
"03291500"	"GNCK2"	"USGS"	"EAGLE CREEK AT GLENCOE, KY"	"CONUS"	"true"	"true"
"03291780"	"CANI3"	"USGS"	"INDIAN-KENTUCK CREEK NEAR CANAAN, IN"	"CONUS"	"true"	"true"
"03300400"	"MUDK2"	"USGS"	"BEECH FORK AT MAUD, KY"	"CONUS"	"true"	"true"
"03302680"	"SEMI3"	"USGS"	"WEST FORK BLUE RIVER AT SALEM, IN"	"CONUS"	"true"	"true"
"03307000"	"CLBK2"	"USGS"	"RUSSELL CREEK NEAR COLUMBIA, KY"	"CONUS"	"true"	"true"
"03314000"	"ALVK2"	"USGS"	"DRAKES CREEK NEAR ALVATON, KY"	"CONUS"	"true"	"true"
"03318800"	"HSBK2"	"USGS"	"CANEY CREEK NEAR HORSE BRANCH, KY"	"CONUS"	"true"	"true"
"03328000"	"NMCI3"	"USGS"	"EEL RIVER AT NORTH MANCHESTER, IN"	"CONUS"	"true"	"true"
"03340800"	"FINI3"	"USGS"	"BIG RACCOON CREEK NEAR FINCASTLE, IN"	"CONUS"	"true"	"true"
"03357330"	"RCHI3"	"USGS"	"BIG WALNUT CREEK NEAR ROACHDALE, IN"	"CONUS"	"true"	"true"
"03361650"	"NPLI3"	"USGS"	"SUGAR CREEK AT NEW PALESTINE, IN"	"CONUS"	"true"	"true"
"03368000"	"NEBI3"	"USGS"	"BRUSH CREEK NEAR NEBRASKA, IN"	"CONUS"	"true"	"true"
"03373508"	"BCSI3"	"USGS"	"BEAVER CREEK NEAR SHOALS, IN"	"CONUS"	"true"	"true"
"03378635"	"EFFI2"	"USGS"	"LITTLE WABASH RIVER NEAR EFFINGHAM, IL"	"CONUS"	"true"	"true"
"03379500"	"CLAI2"	"USGS"	"LITTLE WABASH RIVER BELOW CLAY CITY, IL"	"CONUS"	"true"	"true"
"03366500"	"DEPI3"	"USGS"	"MUSCATATUCK RIVER NEAR DEPUTY, IN"	"CONUS"	"true"	"true"
"03431800"	"ACST1"	"USGS"	"SYCAMORE CREEK NEAR ASHLAND CITY, TN"	"CONUS"	"true"	"true"
"03432350"	"FRAT1"	"USGS"	"HARPETH RIVER AT FRANKLIN, TN"	"CONUS"	"true"	"true"
"03433500"	"BELT1"	"USGS"	"HARPETH RIVER AT BELLEVUE, TN"	"CONUS"	"true"	"true"
"02FD001"		"ENVCA"	""	"CONUS"	"true"	"true"
"03431599"	"BORT1"	"USGS"	"WHITES CREEK NEAR BORDEAUX, TN"	"CONUS"	"true"	"true"
"03441000"	"DAVN7"	"USGS"	"DAVIDSON RIVER NEAR BREVARD, NC"	"CONUS"	"true"	"true"
"0344894205"	"NFSN7"	"USGS"	"NORTH FORK SWANNANOA RIVER NEAR WALKERTOWN, NC"	"CONUS"	"true"	"true"
"03456500"		"USGS"	"EAST FORK PIGEON RIVER NEAR CANTON, NC"	"CONUS"	"true"	"true"
"02GB007"		"ENVCA"	""	"CONUS"	"true"	"true"
"03439000"	"ROSN7"	"USGS"	"FRENCH BROAD RIVER AT ROSMAN, NC"	"CONUS"	"true"	"true"
"03471500"	"SHLV2"	"USGS"	"S F HOLSTON RIVER AT RIVERSIDE, NEAR CHILHOWIE, VA"	"CONUS"	"true"	"true"
"03479000"		"USGS"	"WATAUGA RIVER NEAR SUGAR GROVE, NC"	"CONUS"	"true"	"true"
"03488000"	"SALV2"	"USGS"	"N F HOLSTON RIVER NEAR SALTVILLE, VA"	"CONUS"	"true"	"true"
"03491000"	"RVLT1"	"USGS"	"BIG CREEK NEAR ROGERSVILLE, TN"	"CONUS"	"true"	"true"
"03500000"	"PRTN7"	"USGS"	"LITTLE TENNESSEE RIVER NEAR PRENTISS, NC"	"CONUS"	"true"	"true"
"03500240"		"USGS"	"CARTOOGECHAYE CREEK NEAR FRANKLIN, NC"	"CONUS"	"true"	"true"
"03463300"	"STRN7"	"USGS"	"SOUTH TOE RIVER NEAR CELO, NC"	"CONUS"	"true"	"true"
"03518500"	"TLRT1"	"USGS"	"TELLICO RIVER AT TELLICO PLAINS, TN"	"CONUS"	"true"	"true"
"03527220"	"LGPT1"	"USGS"	"CLINCH RIVER NEAR LOONEYS GAP, TN"	"CONUS"	"true"	"true"
"03535000"	"BRCT1"	"USGS"	"BULLRUN CREEK NEAR HALLS CROSSROADS, TN"	"CONUS"	"true"	"true"
"03535400"	"SOLT1"	"USGS"	"BEAVER CREEK AT SOLWAY, TN"	"CONUS"	"true"	"true"
"03504000"	"RAIN7"	"USGS"	"NANTAHALA RIVER NEAR RAINBOW SPRINGS, NC"	"CONUS"	"true"	"true"
"03539778"	"CLCT1"	"USGS"	"CLEAR CREEK AT LILLY BRIDGE NEAR LANCING, TN"	"CONUS"	"true"	"true"
"03544970"	"HWEG1"	"USGS"	"HIWASSEE RIVER AT RIVERSIDE DR, NR HIAWASSEE, GA"	"CONUS"	"true"	"true"
"03567340"	"WCKG1"	"USGS"	"WEST CHICKAMAUGA CR AT GA 146, NEAR LAKEVIEW, GA"	"CONUS"	"true"	"true"
"03578500"	"PPLT1"	"USGS"	"BRADLEY CREEK NR PRAIRIE PLAINS, TN"	"CONUS"	"true"	"true"
"03597590"	"WRTT1"	"USGS"	"WARTRACE CREEK BELOW COUNTY ROAD AT WARTRACE, TN"	"CONUS"	"true"	"true"
"03599450"	"FNHT1"	"USGS"	"FOUNTAIN CREEK NEAR FOUNTAIN HEIGHTS, TN"	"CONUS"	"true"	"true"
"03604000"	"FLTT1"	"USGS"	"BUFFALO RIVER NEAR FLAT WOODS, TN"	"CONUS"	"true"	"true"
"03605078"	"CMTT1"	"USGS"	"CYPRESS CREEK AT CAMDEN, TN"	"CONUS"	"true"	"true"
"04015330"	"KNIM5"	"USGS"	"KNIFE RIVER NEAR TWO HARBORS, MN"	"CONUS"	"true"	"true"
"04031000"	"BESM4"	"USGS"	"BLACK RIVER NEAR BESSEMER, MI"	"CONUS"	"true"	"true"
"04033000"	"PAUM4"	"USGS"	"MIDDLE BRANCH ONTONAGON RIVER NEAR PAULDING, MI"	"CONUS"	"true"	"true"
"04040500"	"SNWM4"	"USGS"	"STURGEON RIVER NEAR SIDNAW, MI"	"CONUS"	"true"	"true"
"04043150"	"SLVM4"	"USGS"	"SILVER RIVER NEAR L'ANSE, MI"	"CONUS"	"true"	"true"
"02GG003"		"ENVCA"	""	"CONUS"	"true"	"true"
"04056500"	"MSQM4"	"USGS"	"MANISTIQUE RIVER NEAR MANISTIQUE, MI"	"CONUS"	"true"	"true"
"04057510"	"NJNM4"	"USGS"	"STURGEON RIVER NEAR NAHMA JUNCTION, MI"	"CONUS"	"true"	"true"
"04057800"	"HUMM4"	"USGS"	"MIDDLE BRANCH ESCANABA RIVER AT HUMBOLDT, MI"	"CONUS"	"true"	"true"
"04059500"	"FRDM4"	"USGS"	"FORD RIVER NEAR HYDE, MI"	"CONUS"	"true"	"true"
"04060993"	"FLRW3"	"USGS"	"BRULE RIVER AT US HIGHWAY 2 NEAR FLORENCE, WI"	"CONUS"	"true"	"true"
"04063700"		"USGS"	"POPPLE RIVER NEAR FENCE, WI"	"CONUS"	"true"	"true"
"04066500"		"USGS"	"PIKE RIVER AT AMBERG, WI"	"CONUS"	"true"	"true"
"04073365"		"USGS"	"FOX RIVER AT PRINCETON, WI"	"CONUS"	"true"	"true"
"04074950"		"USGS"	"WOLF RIVER AT LANGLADE, WI"	"CONUS"	"true"	"true"
"04085200"		"USGS"	"KEWAUNEE RIVER NEAR KEWAUNEE, WI"	"CONUS"	"true"	"true"
"04085427"		"USGS"	"MANITOWOC RIVER AT MANITOWOC, WI"	"CONUS"	"true"	"true"
"04080000"	"ROYW3"	"USGS"	"LITTLE WOLF RIVER AT ROYALTON, WI"	"CONUS"	"true"	"true"
"04086500"		"USGS"	"CEDAR CREEK NEAR CEDARBURG, WI"	"CONUS"	"true"	"true"
"02GH002"		"ENVCA"	""	"CONUS"	"true"	"true"
"04100500"	"GSHI3"	"USGS"	"ELKHART RIVER AT GOSHEN, IN"	"CONUS"	"true"	"true"
"04101370"	"JCRI3"	"USGS"	"JUDY CREEK NEAR SOUTH BEND, IN"	"CONUS"	"true"	"true"
"04105700"	"AUGM4"	"USGS"	"AUGUSTA CREEK NEAR AUGUSTA, MI"	"CONUS"	"true"	"true"
"02GC002"		"ENVCA"	""	"CONUS"	"true"	"true"
"04112850"	"HHTM4"	"USGS"	"SYCAMORE CREEK AT HOLT ROAD NEAR HOLT, MI"	"CONUS"	"false"	"true"
"04114498"	"EAGM4"	"USGS"	"LOOKING GLASS RIVER NEAR EAGLE, MI"	"CONUS"	"true"	"true"
"04115265"	"FCRM4"	"USGS"	"FISH CREEK NEAR CRYSTAL, MI"	"CONUS"	"true"	"true"
"04117500"	"HSTM4"	"USGS"	"THORNAPPLE RIVER NEAR HASTINGS, MI"	"CONUS"	"true"	"true"
"02HL005"		"ENVCA"	""	"CONUS"	"true"	"true"
"04122200"	"WHTM4"	"USGS"	"WHITE RIVER NEAR WHITEHALL, MI"	"CONUS"	"true"	"true"
"04122500"	"SCTM4"	"USGS"	"PERE MARQUETTE RIVER AT SCOTTVILLE, MI"	"CONUS"	"true"	"true"
"04124000"	"SHRM4"	"USGS"	"MANISTEE RIVER NEAR SHERMAN, MI"	"CONUS"	"true"	"true"
"04127800"		"USGS"	"JORDAN RIVER NEAR EAST JORDAN, MI"	"CONUS"	"true"	"true"
"04127997"	"WOLM4"	"USGS"	"STURGEON RIVER AT WOLVERINE, MI"	"CONUS"	"true"	"true"
"04142000"	"STRM4"	"USGS"	"RIFLE RIVER NEAR STERLING, MI"	"CONUS"	"true"	"true"
"04144500"	"OWOM4"	"USGS"	"SHIAWASSEE RIVER AT OWOSSO, MI"	"CONUS"	"true"	"true"
"04146063"	"COLM4"	"USGS"	"SOUTH BRANCH FLINT RIVER NEAR COLUMBIAVILLE,MI"	"CONUS"	"true"	"true"
"04148140"	"DAVM4"	"USGS"	"KEARSLEY CREEK NEAR DAVISON, MI"	"CONUS"	"true"	"true"
"04159492"	"FGOM4"	"USGS"	"BLACK RIVER NEAR JEDDO, MI"	"CONUS"	"true"	"true"
"04161540"		"USGS"	"PAINT CREEK AT ROCHESTER, MI"	"CONUS"	"true"	"true"
"02HM010"		"ENVCA"	""	"CONUS"	"true"	"true"
"04152238"	"BEVM4"	"USGS"	"SOUTH BRANCH TOBACCO RIVER NEAR BEAVERTON, MI"	"CONUS"	"true"	"true"
"04166000"		"USGS"	"RIVER ROUGE AT BIRMINGHAM, MI"	"CONUS"	"true"	"true"
"04163400"		"USGS"	"PLUM BROOK AT UTICA, MI"	"CONUS"	"true"	"true"
"04164500"	"MCLM4"	"USGS"	"NORTH BRANCH CLINTON RIVER NEAR MT. CLEMENS, MI"	"CONUS"	"true"	"true"
"04180988"	"RFDO1"	"USGS"	"St. Marys River at Rockford OH"	"CONUS"	"true"	"true"
"02HC025"		"ENVCA"	""	"CONUS"	"true"	"true"
"04185000"	"STRO1"	"USGS"	"Tiffin River at Stryker OH"	"CONUS"	"true"	"true"
"04199155"	"OWHO1"	"USGS"	"Old Woman Creek at Berlin Rd near Huron OH"	"CONUS"	"true"	"true"
"04199500"	"VERO1"	"USGS"	"Vermilion River near Vermilion OH"	"CONUS"	"true"	"true"
"02HB029"		"ENVCA"	""	"CONUS"	"true"	"true"
"04196800"	"CWFO1"	"USGS"	"Tymochtee Creek at Crawford OH"	"CONUS"	"true"	"true"
"04197100"	"MLMO1"	"USGS"	"Honey Creek at Melmore OH"	"CONUS"	"true"	"true"
"04207200"	"BFDO1"	"USGS"	"Tinkers Creek at Bedford OH"	"CONUS"	"true"	"true"
"04208000"	"INDO1"	"USGS"	"Cuyahoga River at Independence OH"	"CONUS"	"true"	"true"
"04209000"	"WBYO1"	"USGS"	"Chagrin River at Willoughby OH"	"CONUS"	"true"	"true"
"04213000"	"CCKO1"	"USGS"	"Conneaut Creek at Conneaut OH"	"CONUS"	"true"	"true"
"04213500"	"GOWN6"	"USGS"	"CATTARAUGUS CREEK AT GOWANDA NY"	"CONUS"	"true"	"true"
"04217000"	"BTVN6"	"USGS"	"TONAWANDA CREEK AT BATAVIA NY"	"CONUS"	"true"	"true"
"04218000"	"RAPN6"	"USGS"	"TONAWANDA CREEK AT RAPIDS NY"	"CONUS"	"true"	"true"
"04221000"	"WLLN6"	"USGS"	"GENESEE RIVER AT WELLSVILLE NY"	"CONUS"	"true"	"true"
"04229500"	"HNYN6"	"USGS"	"HONEOYE CREEK AT HONEOYE FALLS NY"	"CONUS"	"true"	"true"
"04215000"	"LCSN6"	"USGS"	"CAYUGA CREEK NEAR LANCASTER NY"	"CONUS"	"true"	"true"
"04215500"	"EBZN6"	"USGS"	"CAZENOVIA CREEK AT EBENEZER NY"	"CONUS"	"true"	"true"
"04216418"	"ATTN6"	"USGS"	"TONAWANDA CREEK AT ATTICA NY"	"CONUS"	"true"	"true"
"0423205010"	"IRON6"	"USGS"	"IRONDEQUOIT CR ABOVE BLOSSOM RD NEAR ROCHESTER NY"	"CONUS"	"true"	"true"
"04233286"	"SXBN6"	"USGS"	"SIXMILE CREEK AT BROOKTONDALE NY"	"CONUS"	"true"	"true"
"04234000"	"FLLN6"	"USGS"	"FALL CREEK NEAR ITHACA NY"	"CONUS"	"true"	"true"
"04231000"	"CHRN6"	"USGS"	"BLACK CREEK AT CHURCHVILLE NY"	"CONUS"	"true"	"true"
"04242500"	"TABN6"	"USGS"	"EAST BRANCH FISH CREEK AT TABERG NY"	"CONUS"	"true"	"true"
"04243500"	"NEIN6"	"USGS"	"ONEIDA CREEK AT ONEIDA NY"	"CONUS"	"true"	"true"
"04256000"	"DNNN6"	"USGS"	"INDEPENDENCE RIVER AT DONNATTSBURG NY"	"CONUS"	"true"	"true"
"04262500"	"HVLN6"	"USGS"	"WEST BRANCH OSWEGATCHIE RIVER NEAR HARRISVILLE NY"	"CONUS"	"true"	"true"
"04265432"	"CHAN6"	"USGS"	"GRASS RIVER AT CHASE MILLS NY"	"CONUS"	"true"	"true"
"04268800"	"PARN6"	"USGS"	"WEST BRANCH ST. REGIS RIVER NEAR PARISHVILLE NY"	"CONUS"	"true"	"true"
"04273700"	"SPBN6"	"USGS"	"SALMON RIVER AT SOUTH PLATTSBURGH NY"	"CONUS"	"true"	"true"
"02HD012"		"ENVCA"	""	"CONUS"	"true"	"true"
"04252500"	"BOON6"	"USGS"	"BLACK RIVER NEAR BOONVILLE NY"	"CONUS"	"true"	"true"
"04282500"	"MDBV1"	"USGS"	"OTTER CREEK AT MIDDLEBURY, VT"	"CONUS"	"true"	"true"
"04282525"	"NHVV1"	"USGS"	"NEW HAVEN RIVER @ BROOKSVILLE, NR MIDDLEBURY, VT"	"CONUS"	"true"	"true"
"04282650"	"FERV1"	"USGS"	"LITTLE OTTER CREEK AT FERRISBURG, VT"	"CONUS"	"true"	"true"
"04282780"	"NFBV1"	"USGS"	"LEWIS CREEK AT NORTH FERRISBURG, VT"	"CONUS"	"true"	"true"
"04286000"	"MONV1"	"USGS"	"WINOOSKI RIVER AT MONTPELIER, VT"	"CONUS"	"true"	"true"
"04288000"	"MOOV1"	"USGS"	"MAD RIVER NEAR MORETOWN, VT"	"CONUS"	"true"	"true"
"04293000"	"NTYV1"	"USGS"	"MISSISQUOI RIVER NEAR NORTH TROY, VT"	"CONUS"	"true"	"true"
"04293500"	"EBKV1"	"USGS"	"MISSISQUOI RIVER NEAR EAST BERKSHIRE, VT"	"CONUS"	"true"	"true"
"04296000"	"CVYV1"	"USGS"	"BLACK RIVER AT COVENTRY, VT"	"CONUS"	"true"	"true"
"05014300"	"SCLM8"	"USGS"	"Swiftcurrent Cr ab Swiftcurrent Lk at Many Glacier"	"CONUS"	"true"	"true"
"05056000"	"WRWN8"	"USGS"	"SHEYENNE RIVER NR WARWICK, ND"	"CONUS"	"true"	"true"
"05056100"	"MAVN8"	"USGS"	"MAUVAIS COULEE NR CANDO, ND"	"CONUS"	"true"	"true"
"05056200"	"EDEN8"	"USGS"	"EDMORE COULEE NR EDMORE, ND"	"CONUS"	"true"	"true"
"05057000"	"CPRN8"	"USGS"	"SHEYENNE RIVER NR COOPERSTOWN, ND"	"CONUS"	"true"	"true"
"05057200"	"DBCN8"	"USGS"	"BALDHILL CREEK NR DAZEY, ND"	"CONUS"	"true"	"true"
"05059600"		"USGS"	"MAPLE RIVER NR HOPE, ND"	"CONUS"	"true"	"true"
"02HA006"		"ENVCA"	""	"CONUS"	"true"	"true"
"05062500"	"TWVM5"	"USGS"	"WILD RICE RIVER AT TWIN VALLEY, MN"	"CONUS"	"true"	"true"
"05078500"	"RDLM5"	"USGS"	"CLEARWATER RIVER AT RED LAKE FALLS, MN"	"CONUS"	"true"	"true"
"50039995"	"LCSP4"	"USGS"	""	"Puerto Rico"	"true"	"true"
"05061000"	"HWYM5"	"USGS"	"BUFFALO RIVER NEAR HAWLEY, MN"	"CONUS"	"true"	"true"
"05120500"	"KLSN8"	"USGS"	"WINTERING RIVER NEAR KARLSRUHE, ND"	"CONUS"	"true"	"true"
"05123400"	"WLCN8"	"USGS"	"WILLOW CREEK NEAR WILLOW CITY, ND"	"CONUS"	"true"	"true"
"05127500"	"WTNM5"	"USGS"	"BASSWOOD RIVER NEAR WINTON, MN"	"CONUS"	"true"	"true"
"05129115"	"CLKM5"	"USGS"	"VERMILION RIVER NR CRANE LAKE, MN"	"CONUS"	"true"	"true"
"05131500"	"LFKM5"	"USGS"	"LITTLE FORK RIVER AT LITTLEFORK, MN"	"CONUS"	"true"	"true"
"05212700"	"TACM5"	"USGS"	"PRAIRIE RIVER NEAR TACONITE, MN"	"CONUS"	"true"	"true"
"05245100"	"LGPM5"	"USGS"	"LONG PRAIRIE RIVER AT LONG PRAIRIE, MN"	"CONUS"	"true"	"true"
"05275000"	"ERVM5"	"USGS"	"ELK RIVER NEAR BIG LAKE, MN"	"CONUS"	"true"	"true"
"15493000"	"UCHA2"	"USGS"	""	"Alaska"	"false"	"true"
"05315000"		"USGS"	"REDWOOD RIVER NEAR MARSHALL, MN"	"CONUS"	"true"	"true"
"05317000"	"NWUM5"	"USGS"	"COTTONWOOD RIVER NEAR NEW ULM, MN"	"CONUS"	"true"	"true"
"05317200"	"CRTM5"	"USGS"	"LITTLE COTTONWOOD RIVER NEAR COURTLAND, MN"	"CONUS"	"true"	"true"
"05319500"	"GRDM5"	"USGS"	"WATONWAN RIVER NEAR GARDEN CITY, MN"	"CONUS"	"true"	"true"
"15056210"	"TYAA2"	"USGS"	""	"Alaska"	"false"	"true"
"05290000"	"PVRS2"	"USGS"	"LITTLE MINNESOTA RIVER NEAR PEEVER, SD"	"CONUS"	"true"	"true"
"05291000"	"BGCS2"	"USGS"	"WHETSTONE RIVER NEAR BIG STONE CITY, SD"	"CONUS"	"true"	"true"
"05353800"	"FRBM5"	"USGS"	"STRAIGHT RIVER NEAR FARIBAULT, MN"	"CONUS"	"true"	"true"
"05336700"	"SANM5"	"USGS"	"KETTLE RIVER BELOW SANDSTONE, MN"	"CONUS"	"true"	"true"
"05362000"		"USGS"	"JUMP RIVER AT SHELDON, WI"	"CONUS"	"true"	"true"
"05368000"		"USGS"	"HAY RIVER AT WHEELER, WI"	"CONUS"	"true"	"true"
"05357335"	"POWW3"	"USGS"	"BEAR RIVER NEAR MANITOWISH WATERS, WI"	"CONUS"	"true"	"true"
"05383950"	"RPMM5"	"USGS"	"ROOT RIVER NEAR PILOT MOUND, MN"	"CONUS"	"true"	"true"
"05389000"	"YRII4"	"USGS"	"Yellow River near Ion, IA"	"CONUS"	"true"	"true"
"05389400"	"MBRI4"	"USGS"	"Bloody Run Creek near Marquette, IA"	"CONUS"	"true"	"true"
"05316992"	"COBM5"	"USGS"	"SLEEPY EYE CREEK AT CO. RD. 8 NEAR LEAVENWORTH MN"	"CONUS"	"true"	"true"
"05393500"	"TRIW3"	"USGS"	"SPIRIT RIVER AT SPIRIT FALLS, WI"	"CONUS"	"true"	"true"
"05413500"		"USGS"	"GRANT RIVER AT BURTON, WI"	"CONUS"	"true"	"true"
"05414000"		"USGS"	"PLATTE RIVER NEAR ROCKVILLE, WI"	"CONUS"	"true"	"true"
"05420680"	"TPLI4"	"USGS"	"Wapsipinicon River near Tripoli, IA"	"CONUS"	"true"	"true"
"05411850"	"EDRI4"	"USGS"	"Turkey River near Eldorado, IA"	"CONUS"	"true"	"true"
"05426000"		"USGS"	"CRAWFISH RIVER AT MILFORD, WI"	"CONUS"	"true"	"true"
"05426067"		"USGS"	"BARK RIVER AT NAGAWICKA ROAD AT DELAFIELD, WI"	"CONUS"	"true"	"true"
"05431486"		"USGS"	"TURTLE CREEK AT CARVERS ROCK ROAD NEAR CLINTON, WI"	"CONUS"	"true"	"true"
"05444000"	"PENI2"	"USGS"	"ELKHORN CREEK NEAR PENROSE, IL"	"CONUS"	"true"	"true"
"05451210"	"NPVI4"	"USGS"	"South Fork Iowa River NE of New Providence, IA"	"CONUS"	"true"	"true"
"05455500"	"KALI4"	"USGS"	"English River at Kalona, IA"	"CONUS"	"true"	"true"
"05459500"	"MCWI4"	"USGS"	"Winnebago River at Mason City, IA"	"CONUS"	"true"	"true"
"05464220"	"DYSI4"	"USGS"	"Wolf Creek near Dysart, IA"	"CONUS"	"true"	"true"
"05473450"	"MBCI4"	"USGS"	"Big Creek North of Mount Pleasant, IA"	"CONUS"	"true"	"true"
"05478265"	"AGNI4"	"USGS"	"East Fork Des Moines River near Algona, IA"	"CONUS"	"true"	"true"
"05480820"	"GLDI4"	"USGS"	"Boone River near Goldfield, IA"	"CONUS"	"true"	"true"
"05467000"	"PCKI2"	"USGS"	"POPE CREEK NEAR KEITHSBURG, IL"	"CONUS"	"true"	"true"
"05483450"	"BAYI4"	"USGS"	"Middle Raccoon River near Bayard, IA"	"CONUS"	"true"	"true"
"05487980"	"DLLI4"	"USGS"	"White Breast Creek near Dallas, IA"	"CONUS"	"true"	"true"
"05489000"	"BSSI4"	"USGS"	"Cedar Creek near Bussey, IA"	"CONUS"	"true"	"true"
"05481950"	"GRMI4"	"USGS"	"Beaver Creek near Grimes, IA"	"CONUS"	"true"	"true"
"05498150"	"EWMM7"	"USGS"	"Middle Fabius River near Ewing, MO"	"CONUS"	"true"	"true"
"05498700"	"NWKM7"	"USGS"	"South Fabius River above Newark, MO"	"CONUS"	"true"	"true"
"05501000"	"PALM7"	"USGS"	"North River at Palmyra, MO"	"CONUS"	"true"	"true"
"05503800"	"PCZM7"	"USGS"	"Crooked Creek near Paris, MO"	"CONUS"	"true"	"true"
"05506100"	"STFM7"	"USGS"	"Long Branch near Santa Fe, MO"	"CONUS"	"true"	"true"
"05507600"	"PRZM7"	"USGS"	"Lick Creek at Perry, MO"	"CONUS"	"true"	"true"
"05508805"	"FKZM7"	"USGS"	"Spencer Creek below Plum Creek near Frankford, MO"	"CONUS"	"true"	"true"
"05514500"	"TRYM7"	"USGS"	"Cuivre River near Troy, MO"	"CONUS"	"true"	"true"
"05516500"	"PYMI3"	"USGS"	"YELLOW RIVER AT PLYMOUTH, IN"	"CONUS"	"true"	"true"
"05316970"	"LVNM5"	"USGS"	"COTTONWOOD RIVER AT LEAVENWORTH MN"	"CONUS"	"true"	"true"
"05494300"		"USGS"	"Fox River at Bloomfield, IA"	"CONUS"	"true"	"true"
"05525500"	"MILI2"	"USGS"	"SUGAR CREEK AT MILFORD, IL"	"CONUS"	"true"	"true"
"05551675"	"BBMI2"	"USGS"	"BLACKBERRY CREEK NEAR MONTGOMERY, IL"	"CONUS"	"true"	"true"
"05567500"	"CNGI2"	"USGS"	"MACKINAW RIVER NEAR CONGERVILLE, IL"	"CONUS"	"true"	"true"
"05569500"	"LNMI2"	"USGS"	"SPOON RIVER AT LONDON MILLS, IL"	"CONUS"	"true"	"true"
"05570000"	"SEVI2"	"USGS"	"SPOON RIVER AT SEVILLE, IL"	"CONUS"	"true"	"true"
"05556500"	"PINI2"	"USGS"	"BIG BUREAU CREEK AT PRINCETON, IL"	"CONUS"	"true"	"true"
"05584500"	"CLMI2"	"USGS"	"LA MOINE RIVER AT COLMAR, IL"	"CONUS"	"true"	"true"
"05577500"		"USGS"	"SPRING CREEK AT SPRINGFIELD, IL"	"CONUS"	"true"	"true"
"05592050"	"SRCI2"	"USGS"	"ROBINSON CREEK NEAR SHELBYVILLE, IL"	"CONUS"	"true"	"true"
"05592575"	"HCKI2"	"USGS"	"HICKORY CREEK NEAR BROWNSTOWN, IL"	"CONUS"	"true"	"true"
"05593575"	"LCCI2"	"USGS"	"LITTLE CROOKED CREEK NEAR NEW MINDEN, IL"	"CONUS"	"true"	"true"
"05593900"	"COFI2"	"USGS"	"EAST FORK SHOAL CREEK NEAR COFFEEN, IL"	"CONUS"	"true"	"true"
"05595730"	"WRCI2"	"USGS"	"RAYSE CREEK NEAR WALTONVILLE, IL"	"CONUS"	"true"	"true"
"05591550"	"WHCI2"	"USGS"	"WHITLEY CREEK NEAR ALLENVILLE, IL"	"CONUS"	"true"	"true"
"06024450"	"BGKM8"	"USGS"	"Big Hole River bl Big Lake Cr at Wisdom MT"	"CONUS"	"true"	"true"
"06024540"	"BHDM8"	"USGS"	"Big Hole River bl Mudd Cr nr Wisdom MT"	"CONUS"	"true"	"true"
"06025250"	"MRDM8"	"USGS"	"Big Hole River at Maiden Rock nr Divide MT"	"CONUS"	"true"	"true"
"06025500"	"MLRM8"	"USGS"	"Big Hole River near Melrose MT"	"CONUS"	"true"	"true"
"06036805"	"FOFW4"	"USGS"	"Firehole River at Old Faithful, YNP"	"CONUS"	"true"	"true"
"06036905"	"FRYW4"	"USGS"	"Firehole River near West Yellowstone MT"	"CONUS"	"true"	"true"
"06037100"	"GMJW4"	"USGS"	"Gibbon River at Madison Jct, YNP"	"CONUS"	"true"	"true"
"06043500"	"GLGM8"	"USGS"	"Gallatin River near Gallatin Gateway, MT"	"CONUS"	"true"	"true"
"06073500"	"DBRM8"	"USGS"	"Dearborn River near Craig MT"	"CONUS"	"true"	"true"
"06091700"	"TMRM8"	"USGS"	"Two Medicine River bl South Fork nr Browning MT"	"CONUS"	"true"	"true"
"06061500"	"PKPM8"	"USGS"	"Prickly Pear Creek near Clancy MT"	"CONUS"	"true"	"true"
"06099500"	"SHLM8"	"USGS"	"Marias River near Shelby MT"	"CONUS"	"true"	"true"
"06102500"	"TSFM8"	"USGS"	"Teton River bl South Fork nr Choteau MT"	"CONUS"	"true"	"true"
"06108000"	"DTTM8"	"USGS"	"Teton River near Dutton MT"	"CONUS"	"true"	"true"
"06119600"	"MRMM8"	"USGS"	"Musselshell River nr Martinsdale, MT"	"CONUS"	"true"	"true"
"06120500"	"HLWM8"	"USGS"	"Musselshell River at Harlowton MT"	"CONUS"	"true"	"true"
"06139500"	"BSMM8"	"USGS"	"Big Sandy Creek near Havre MT"	"CONUS"	"true"	"true"
"06151500"	"BCMM8"	"USGS"	"Battle Creek near Chinook MT"	"CONUS"	"true"	"true"
"06186500"	"YLOW4"	"USGS"	"Yellowstone River at Yellowstone Lk Outlet YNP"	"CONUS"	"true"	"true"
"06187915"	"SBCM8"	"USGS"	"Soda Butte Cr at Park Bndry at Silver Gate"	"CONUS"	"true"	"true"
"06195600"	"SLDM8"	"USGS"	"Shields River nr Livingston MT"	"CONUS"	"true"	"true"
"06209500"	"ROKM8"	"USGS"	"Rock Creek near Red Lodge MT"	"CONUS"	"true"	"true"
"06224000"	"BLCW4"	"USGS"	"BULL LAKE CREEK ABOVE BULL LAKE, WY"	"CONUS"	"true"	"true"
"06218500"	"DUBW4"	"USGS"	"WIND RIVER NEAR DUBOIS, WY"	"CONUS"	"true"	"true"
"06220800"	"WRCW4"	"USGS"	"WIND RIVER ABOVE RED CREEK, NEAR DUBOIS, WY"	"CONUS"	"true"	"true"
"06221400"	"DINW4"	"USGS"	"DINWOODY CREEK ABOVE LAKES, NEAR BURRIS, WY"	"CONUS"	"true"	"true"
"06280300"	"VLYW4"	"USGS"	"SOUTH FORK SHOSHONE RIVER NEAR VALLEY, WY"	"CONUS"	"true"	"true"
"06278300"	"ASRW4"	"USGS"	"SHELL CREEK ABOVE SHELL CREEK RESERVOIR, WY"	"CONUS"	"true"	"true"
"06309200"	"MFBW4"	"USGS"	"MIDDLE FORK POWDER RIVER NEAR BARNUM, WY"	"CONUS"	"true"	"true"
"06311000"	"HAZW4"	"USGS"	"NORTH FORK POWDER RIVER NEAR HAZELTON, WY"	"CONUS"	"true"	"true"
"06332515"	"MREN8"	"USGS"	"BEAR DEN CREEK NEAR MANDAREE, ND"	"CONUS"	"true"	"true"
"06334500"	"CACS2"	"USGS"	"LITTLE MISSOURI RIVER AT CAMP CROOK,SD"	"CONUS"	"true"	"true"
"06339100"	"MNGN8"	"USGS"	"KNIFE RIVER AT MANNING, ND"	"CONUS"	"true"	"true"
"06344600"	"HRAN8"	"USGS"	"GREEN RIVER NEAR NEW HRADEC, ND"	"CONUS"	"true"	"true"
"06347000"		"USGS"	"ANTELOPE CREEK NR CARSON, ND"	"CONUS"	"true"	"true"
"06347500"		"USGS"	"BIG MUDDY CREEK NEAR ALMONT, ND"	"CONUS"	"true"	"true"
"06350000"	"REGN8"	"USGS"	"CANNONBALL RIVER AT REGENT, ND"	"CONUS"	"true"	"true"
"06351200"	"RLHN8"	"USGS"	"CANNONBALL RIVER NEAR RALEIGH, ND"	"CONUS"	"true"	"true"
"06352000"	"HCCN8"	"USGS"	"CEDAR CREEK NR HAYNES, ND"	"CONUS"	"true"	"true"
"06353000"	"RLGN8"	"USGS"	"CEDAR CREEK NR RALEIGH, ND"	"CONUS"	"true"	"true"
"06342450"		"USGS"	"BURNT CREEK NEAR BISMARCK, ND"	"CONUS"	"true"	"true"
"06360500"	"WHIS2"	"USGS"	"MOREAU RIVER NEAR WHITEHORSE,SD"	"CONUS"	"true"	"true"
"06400000"	"HATS2"	"USGS"	"HAT CREEK NEAR EDGEMONT,SD"	"CONUS"	"true"	"true"
"06402430"	"PRNS2"	"USGS"	"BEAVER CREEK NEAR PRINGLE, SD"	"CONUS"	"true"	"true"
"06404000"	"RUSS2"	"USGS"	"BATTLE CREEK NEAR KEYSTONE,SD"	"CONUS"	"true"	"true"
"06409000"	"CTCS2"	"USGS"	"CASTLE CREEK ABOVE DEERFIELD RES NEAR HILL CITY,SD"	"CONUS"	"true"	"true"
"06424000"	"ROBS2"	"USGS"	"ELK CR NEAR ROUBAIX,SD"	"CONUS"	"true"	"true"
"06429500"		"USGS"	"COLD SPRINGS CREEK AT BUCKHORN, WY"	"CONUS"	"true"	"true"
"06430850"	"LSLS2"	"USGS"	"LITTLE SPEARFISH CREEK NEAR LEAD, SD"	"CONUS"	"true"	"true"
"06431500"	"SFHS2"	"USGS"	"SPEARFISH CREEK AT SPEARFISH,SD"	"CONUS"	"true"	"true"
"06422500"	"BNNS2"	"USGS"	"BOXELDER CREEK NEAR NEMO,SD"	"CONUS"	"true"	"true"
"06440200"	"CTTS2"	"USGS"	"SOUTH FORK BAD RIVER NEAR COTTONWOOD,SD"	"CONUS"	"true"	"true"
"06441500"	"FTPS2"	"USGS"	"BAD RIVER NEAR FORT PIERRE,SD"	"CONUS"	"true"	"true"
"06446500"	"IRRS2"	"USGS"	"WHITE RIVER NEAR INTERIOR,SD"	"CONUS"	"true"	"true"
"06447500"	"LITS2"	"USGS"	"LITTLE WHITE RIVER NEAR MARTIN,SD"	"CONUS"	"true"	"true"
"06437020"	"GLNS2"	"USGS"	"BEAR BUTTE CREEK NEAR DEADWOOD, SD"	"CONUS"	"true"	"true"
"06464500"	"WEWS2"	"USGS"	"KEYA PAHA RIVER AT WEWELA,SD"	"CONUS"	"true"	"true"
"06466500"	"NBZN1"	"USGS"	"Bazile Creek near Niobrara, Nebr."	"CONUS"	"true"	"true"
"06468170"	"GCEN8"	"USGS"	"JAMES RIVER NR GRACE CITY, ND"	"CONUS"	"true"	"true"
"06469400"	"PGEN8"	"USGS"	"PIPESTEM CREEK NEAR PINGREE, ND"	"CONUS"	"false"	"true"
"06470800"	"BCKN8"	"USGS"	"BEAR CREEK NEAR OAKES, ND"	"CONUS"	"true"	"true"
"06453600"	"VERN1"	"USGS"	"Ponca Creek at Verdel, Nebr."	"CONUS"	"true"	"true"
"06477500"	"MTVS2"	"USGS"	"FIRESTEEL CREEK NEAR MOUNT VERNON,SD"	"CONUS"	"true"	"true"
"06478690"	"PKRS2"	"USGS"	"WEST FORK VERMILLION RIVER NEAR PARKER,SD"	"CONUS"	"true"	"true"
"06479215"	"FLOS2"	"USGS"	"BIG SIOUX RIVER NEAR FLORENCE,SD"	"CONUS"	"true"	"true"
"06479438"	"WTRS2"	"USGS"	"BIG SIOUX RIVER NEAR WATERTOWN,SD"	"CONUS"	"true"	"true"
"06482610"	"COSS2"	"USGS"	"SPLIT ROCK CREEK AT CORSON,SD"	"CONUS"	"true"	"true"
"06601000"	"HMRN1"	"USGS"	"Omaha Creek at Homer, Nebr."	"CONUS"	"true"	"true"
"06607200"	"MAPI4"	"USGS"	"Maple River at Mapleton, IA"	"CONUS"	"true"	"true"
"06608500"	"PSGI4"	"USGS"	"Soldier River at Pisgah, IA"	"CONUS"	"true"	"true"
"06620000"	"NGTC2"	"USGS"	"NORTH PLATTE RIVER NEAR NORTHGATE, CO"	"CONUS"	"true"	"true"
"06622700"	"NBCW4"	"USGS"	"NORTH BRUSH CREEK NEAR SARATOGA, WY"	"CONUS"	"true"	"true"
"06625000"	"ECRW4"	"USGS"	"ENCAMPMENT RIVER AT MOUTH, NEAR ENCAMPMENT, WY"	"CONUS"	"true"	"true"
"06708800"	"PLMC2"	"USGS"	"EAST PLUM CR ABV HASKINS GULCH NR CASTLE ROCK, CO"	"CONUS"	"true"	"true"
"06709000"	"LOVC2"	"USGS"	"PLUM CREEK NEAR SEDALIA, CO."	"CONUS"	"true"	"true"
"06710150"	"BDCC2"	"USGS"	"BIG DRY CREEK BELOW C-470 AT HIGHLANDS RANCH, CO"	"CONUS"	"true"	"true"
"06710385"	"BARC2"	"USGS"	"BEAR CREEK ABOVE EVERGREEN, CO"	"CONUS"	"true"	"true"
"06775500"	"DNGN1"	"USGS"	"Middle Loup River at Dunning, Nebr."	"CONUS"	"true"	"true"
"06795500"	"CLBN1"	"USGS"	"Shell Creek near Columbus, Nebr."	"CONUS"	"true"	"true"
"06800000"	"NKRN1"	"USGS"	"Maple Creek near Nickerson, Nebr."	"CONUS"	"true"	"true"
"06803000"	"ROCN1"	"USGS"	"Salt Creek at Roca, Nebr."	"CONUS"	"true"	"true"
"06803510"	"LICN1"	"USGS"	"Little Salt Creek near Lincoln, Nebr."	"CONUS"	"true"	"true"
"06803530"	"CERN1"	"USGS"	"Rock Creek near Ceresco, Nebr."	"CONUS"	"true"	"true"
"06813000"	"FFXM7"	"USGS"	"Tarkio River at Fairfax, MO"	"CONUS"	"true"	"true"
"06814000"	"SNCK1"	"USGS"	"TURKEY C NR SENECA, KS"	"CONUS"	"true"	"true"
"06815000"	"FLLN1"	"USGS"	"Big Nemaha River at Falls City, Nebr."	"CONUS"	"true"	"true"
"06817000"	"ICLI4"	"USGS"	"Nodaway River at Clarinda, IA"	"CONUS"	"true"	"true"
"06819185"	"BDFI4"	"USGS"	"East Fork 102 River at Bedford, IA"	"CONUS"	"true"	"true"
"06821500"	"HAIN1"	"USGS"	"Arikaree River nr Haigler, Nebr."	"CONUS"	"true"	"true"
"06807410"	"HNKI4"	"USGS"	"West Nishnabotna River at Hancock, IA"	"CONUS"	"true"	"true"
"06846500"	"CDBK1"	"USGS"	"BEAVER C AT CEDAR BLUFFS, KS"	"CONUS"	"true"	"true"
"06847900"	"CLNK1"	"USGS"	"PRAIRIE DOG C AB KEITH SEBELIUS LAKE, KS"	"CONUS"	"true"	"true"
"06823500"	"HBCN1"	"USGS"	"Buffalo Creek near Haigler, Nebr."	"CONUS"	"true"	"true"
"06863420"	"RIGK1"	"USGS"	"BIG C NR ELLIS, KS"	"CONUS"	"true"	"true"
"06866900"	"WAAK1"	"USGS"	"SALINE R NR WAKEENEY, KS"	"CONUS"	"true"	"true"
"06868850"	"LINK1"	"USGS"	"SALINE R AT LINCOLN, KS"	"CONUS"	"true"	"true"
"06869950"	"SLNK1"	"USGS"	"MULBERRY C NR SALINA, KS"	"CONUS"	"true"	"true"
"06876700"	"ADAK1"	"USGS"	"SALT C NR ADA, KS"	"CONUS"	"true"	"true"
"06883000"	"DWEN1"	"USGS"	"Little Blue River near Deweese, Nebr."	"CONUS"	"true"	"true"
"06884200"	"WSHK1"	"USGS"	"MILL C AT WASHINGTON, KS"	"CONUS"	"true"	"true"
"06885500"	"FKFK1"	"USGS"	"BLACK VERMILLION R NR FRANKFORT, KS"	"CONUS"	"true"	"true"
"06886500"	"RDPK1"	"USGS"	"FANCY C AT WINKLER, KS"	"CONUS"	"true"	"true"
"06888500"	"PXCK1"	"USGS"	"MILL C NR PAXICO, KS"	"CONUS"	"true"	"true"
"06878000"	"CHPK1"	"USGS"	"CHAPMAN C NR CHAPMAN, KS"	"CONUS"	"true"	"true"
"06890100"	"MSCK1"	"USGS"	"DELAWARE R NR MUSCOTAH, KS"	"CONUS"	"true"	"true"
"06889200"	"DELK1"	"USGS"	"SOLDIER C NR DELIA, KS"	"CONUS"	"true"	"true"
"06895000"	"RICM7"	"USGS"	"Crooked River near Richmond, MO"	"CONUS"	"true"	"true"
"06898000"	"DVSI4"	"USGS"	"Thompson River at Davis City, IA"	"CONUS"	"true"	"true"
"06893500"	"KCCM7"	"USGS"	"Blue River at Kansas City, MO"	"CONUS"	"true"	"true"
"06903400"	"CHTI4"	"USGS"	"Chariton River near Chariton, IA"	"CONUS"	"true"	"true"
"06903700"	"PRMI4"	"USGS"	"South Fork Chariton River near Promise City, IA"	"CONUS"	"true"	"true"
"06906150"	"ATLM7"	"USGS"	"Long Branch Creek near Atlanta, MO"	"CONUS"	"true"	"true"
"06906800"	"OTTM7"	"USGS"	"Lamine River near Otterville, MO"	"CONUS"	"true"	"true"
"06907700"	"VLYM7"	"USGS"	"Blackwater River at Valley City, MO"	"CONUS"	"true"	"true"
"06909500"	"FYTM7"	"USGS"	"Moniteau Creek near Fayette, MO"	"CONUS"	"true"	"true"
"06910230"	"TGRM7"	"USGS"	"Hinkson Creek at Columbia, MO"	"CONUS"	"true"	"true"
"06910750"	"JCMM7"	"USGS"	"Moreau River near Jefferson City, MO"	"CONUS"	"true"	"true"
"06910800"	"RDNK1"	"USGS"	"MARAIS DES CYGNES R NR READING, KS"	"CONUS"	"true"	"true"
"06911490"	"LNDK1"	"USGS"	"SALT C AT LYNDON, KS"	"CONUS"	"true"	"true"
"06911900"	"BRGK1"	"USGS"	"DRAGOON C NR BURLINGAME, KS"	"CONUS"	"true"	"true"
"06899700"	"BRYM7"	"USGS"	"Shoal Creek near Braymer, MO"	"CONUS"	"true"	"true"
"06917000"	"FTNK1"	"USGS"	"L OSAGE R AT FULTON, KS"	"CONUS"	"true"	"true"
"06918460"	"GFZM7"	"USGS"	"Turnback Creek above Greenfield, MO"	"CONUS"	"true"	"true"
"06919500"	"PVUM7"	"USGS"	"Cedar Creek near Pleasant View, MO"	"CONUS"	"true"	"true"
"06921070"	"POKM7"	"USGS"	"Pomme de Terre River near Polk, MO"	"CONUS"	"true"	"true"
"06921200"	"PLKM7"	"USGS"	"Lindley Creek near Polk, MO"	"CONUS"	"true"	"true"
"06914000"	"GRTK1"	"USGS"	"POTTAWATOMIE C NR GARNETT, KS"	"CONUS"	"true"	"true"
"06930000"	"PINM7"	"USGS"	"Big Piney River near Big Piney, MO"	"CONUS"	"true"	"true"
"06932000"	"NEWM7"	"USGS"	"Little Piney Creek at Newburg, MO"	"CONUS"	"true"	"true"
"07001985"		"USGS"	"Watkins Creek at Bellefontaine Neighbors, MO"	"CONUS"	"true"	"true"
"07010350"	"CSNM7"	"USGS"	"Meramec River at Cook Station, MO"	"CONUS"	"true"	"true"
"07014000"	"HZHM7"	"USGS"	"Huzzah Creek near Steelville, MO"	"CONUS"	"true"	"true"
"07021000"	"ZCRM7"	"USGS"	"Castor River at Zalma, MO"	"CONUS"	"true"	"true"
"07030392"	"LGRT1"	"USGS"	"WOLF RIVER AT LAGRANGE, TN"	"CONUS"	"true"	"true"
"07030500"	"ROST1"	"USGS"	"WOLF RIVER AT ROSSVILLE, TN"	"CONUS"	"true"	"true"
"07037500"	"PAZM7"	"USGS"	"St. Francis River near Patterson, MO"	"CONUS"	"true"	"true"
"07048550"	"FYFA4"	"USGS"	"West Fork White River east of Fayetteville, AR"	"CONUS"	"true"	"true"
"07049000"	"HDGA4"	"USGS"	"War Eagle Creek near Hindsville, AR"	"CONUS"	"true"	"true"
"07050152"	"RRSM7"	"USGS"	"Roaring River at Roaring River State Park"	"CONUS"	"true"	"true"
"07050500"	"BRYA4"	"USGS"	"Kings River near Berryville, AR"	"CONUS"	"true"	"true"
"07050700"	"SGFM7"	"USGS"	"James River near Springfield, MO"	"CONUS"	"true"	"true"
"07053250"	"OAKA4"	"USGS"	"Yocum Creek near Oak Grove, AR"	"CONUS"	"true"	"true"
"07053810"	"BBCM7"	"USGS"	"Bull Creek near Walnut Shade, MO"	"CONUS"	"true"	"true"
"07055646"	"BOXA4"	"USGS"	"Buffalo River near Boxley, AR"	"CONUS"	"true"	"true"
"07055875"	"RCKA4"	"USGS"	"Richland Creek near Witts Spring, AR"	"CONUS"	"true"	"true"
"07056515"	"SILA4"	"USGS"	"Bear Creek near Silver Hill, AR"	"CONUS"	"true"	"true"
"07057500"		"USGS"	"North Fork River near Tecumseh, MO"	"CONUS"	"true"	"true"
"07060710"	"FSXA4"	"USGS"	"North Sylamore Creek near Fifty Six, AR"	"CONUS"	"true"	"true"
"07065200"	"JKFM7"	"USGS"	"Jacks Fork near Mountain View, MO"	"CONUS"	"true"	"true"
"07071500"	"EPGM7"	"USGS"	"Eleven Point River near Bardley, MO"	"CONUS"	"true"	"true"
"07072000"	"RVSA4"	"USGS"	"Eleven Point River near Ravenden Springs, AR"	"CONUS"	"true"	"true"
"07075000"	"SRGA4"	"USGS"	"Middle Fork of Little Red River at Shirley, AR"	"CONUS"	"true"	"true"
"07064440"	"MSPM7"	"USGS"	"Current River at Montauk State Park, MO"	"CONUS"	"true"	"true"
"07083000"	"HCMC2"	"USGS"	"HALFMOON CREEK NEAR MALTA, CO"	"CONUS"	"true"	"true"
"07103780"	"MCNC2"	"USGS"	"MONUMENT C AB N.GATE BLVD AT USAF ACADEMY, CO."	"CONUS"	"true"	"true"
"07105490"	"EVAC2"	"USGS"	"CHEYENNE CREEK AT EVANS AVE AT COLORADO SPRINGS,CO"	"CONUS"	"true"	"true"
"07103700"	"CSNC2"	"USGS"	"FOUNTAIN CREEK NEAR COLORADO SPRINGS, CO."	"CONUS"	"false"	"true"
"07126200"	"VBMC2"	"USGS"	"VAN BREMER ARROYO NEAR MODEL, CO"	"CONUS"	"true"	"true"
"07126300"	"THTC2"	"USGS"	"PURGATOIRE RIVER NEAR THATCHER, CO."	"CONUS"	"true"	"true"
"07142300"	"MACK1"	"USGS"	"RATTLESNAKE C NR MACKSVILLE, KS"	"CONUS"	"true"	"true"
"07145700"	"WELK1"	"USGS"	"SLATE C AT WELLINGTON, KS"	"CONUS"	"true"	"true"
"07157500"	"ENWK1"	"USGS"	"CROOKED C NR ENGLEWOOD, KS"	"CONUS"	"true"	"true"
"07160500"	"LVLO2"	"USGS"	"Skeleton Creek near Lovell, OK"	"CONUS"	"true"	"true"
"07164600"	"TJOO2"	"USGS"	"Joe Creek at 61st St at Tulsa, OK"	"CONUS"	"true"	"true"
"07165562"	"THCO2"	"USGS"	"Haikey Creek at 101st St South at Tulsa, OK"	"CONUS"	"true"	"true"
"07167500"	"CMXK1"	"USGS"	"OTTER C AT CLIMAX, KS"	"CONUS"	"true"	"true"
"07151500"	"CBNK1"	"USGS"	"CHIKASKIA R NR CORBIN, KS"	"CONUS"	"true"	"true"
"07180500"	"CDPK1"	"USGS"	"CEDAR C NR CEDAR POINT, KS"	"CONUS"	"true"	"true"
"07184000"	"MCNK1"	"USGS"	"LIGHTNING C NR MCCUNE, KS"	"CONUS"	"true"	"true"
"07185090"	"CMCO2"	"USGS"	"Tar Creek near Commerce, OK"	"CONUS"	"true"	"true"
"07185910"	"NFSM7"	"USGS"	"North Fork Spring River near Purcell, MO"	"CONUS"	"true"	"true"
"07188653"	"BSGM7"	"USGS"	"Big Sugar Creek near Powell, MO"	"CONUS"	"true"	"true"
"07189100"	"BCCM7"	"USGS"	"Buffalo Creek at Tiff City, MO"	"CONUS"	"true"	"true"
"07195800"	"SPRA4"	"USGS"	"Flint Creek at Springtown, AR"	"CONUS"	"true"	"true"
"07196900"	"DMLA4"	"USGS"	"Baron Fork at Dutch Mills, AR"	"CONUS"	"true"	"true"
"07197360"	"BCCO2"	"USGS"	"Caney Creek near Barber, OK"	"CONUS"	"true"	"true"
"07191222"	"JBCO2"	"USGS"	"Beaty Creek near Jay, OK"	"CONUS"	"true"	"true"
"07208500"	"CRCN5"	"USGS"	"RAYADO CREEK NEAR CIMARRON, NM"	"CONUS"	"true"	"true"
"07226500"	"LOGN5"	"USGS"	"UTE CREEK NEAR LOGAN, NM"	"CONUS"	"true"	"true"
"07233500"	"SPMT2"	"USGS"	"Palo Duro Ck nr Spearman, TX"	"CONUS"	"true"	"true"
"07241780"	"SSQO2"	"USGS"	"Squirrel Creek at Shawnee, OK"	"CONUS"	"true"	"true"
"07249400"	"HJFA4"	"USGS"	"James Fork near Hackett, AR"	"CONUS"	"true"	"true"
"07249800"	"SHRO2"	"USGS"	"Lee Creek at Short, OK"	"CONUS"	"true"	"true"
"07249920"	"LLCO2"	"USGS"	"Little Lee Creek near Nicut, OK"	"CONUS"	"true"	"true"
"07250935"	"JOCA4"	"USGS"	"Jones Creek at Winfrey, AR"	"CONUS"	"true"	"true"
"07250974"	"JKCA4"	"USGS"	"Jack Creek near Winfrey, AR"	"CONUS"	"true"	"true"
"07252000"	"MLBA4"	"USGS"	"Mulberry River near Mulberry, AR"	"CONUS"	"true"	"true"
"07257006"	"DVRA4"	"USGS"	"Big Piney Creek at Highway 164 near Dover, AR"	"CONUS"	"true"	"true"
"07260000"	"WLTA4"	"USGS"	"Dutch Creek at Waltreak, AR"	"CONUS"	"true"	"true"
"07261000"	"GUYA4"	"USGS"	"Cadron Creek near Guy, AR"	"CONUS"	"true"	"true"
"072632962"	"BCMA4"	"USGS"	"Bringle Creek at Martindale, AR"	"CONUS"	"true"	"true"
"07274000"		"USGS"	"YOCONA RIVER NR OXFORD, MS"	"CONUS"	"true"	"true"
"07283000"		"USGS"	"SKUNA RIVER AT BRUCE, MS"	"CONUS"	"true"	"true"
"07288280"	"MRGM6"	"USGS"	"BIG SUNFLOWER RIVER NR MERIGOLD, MS"	"CONUS"	"true"	"true"
"07291000"	"EDDM6"	"USGS"	"HOMOCHITTO RIVER AT EDDICETON, MS"	"CONUS"	"true"	"true"
"07301410"	"KTNT2"	"USGS"	"Sweetwater Ck nr Kelton, TX"	"CONUS"	"true"	"true"
"07303400"	"CRLO2"	"USGS"	"Elm Fork of North Fork Red River nr Carl, OK"	"CONUS"	"true"	"true"
"07311500"	"RNDO2"	"USGS"	"Deep Red Creek near Randlett, OK"	"CONUS"	"true"	"true"
"07311800"	"BENT2"	"USGS"	"S Wichita Rv nr Benjamin, TX"	"CONUS"	"true"	"true"
"07299670"	"QGCT2"	"USGS"	"Groesbeck Ck at SH 6 nr Quanah, TX"	"CONUS"	"true"	"true"
"07315200"	"HTWT2"	"USGS"	"E Fk Little Wichita Rv nr Henrietta, TX"	"CONUS"	"true"	"true"
"07315700"	"CORO2"	"USGS"	"Mud Creek near Courtney, OK"	"CONUS"	"true"	"true"
"07331300"	"RPCO2"	"USGS"	"Pennington Creek near Reagan, OK"	"CONUS"	"true"	"true"
"07335700"	"BCDO2"	"USGS"	"Kiamichi River near Big Cedar, OK"	"CONUS"	"true"	"true"
"07342500"	"COPT2"	"USGS"	"S Sulphur Rv nr Cooper, TX"	"CONUS"	"true"	"true"
"07346045"	"JEFT2"	"USGS"	"Black Cypress Bayou at Jefferson, TX"	"CONUS"	"true"	"true"
"07340300"	"VVRA4"	"USGS"	"Cossatot River near Vandervoort, AR"	"CONUS"	"true"	"true"
"07351500"	"KEIL1"	"USGS"	"Cypress Bayou near Keithville, LA"	"CONUS"	"true"	"true"
"07348700"	"SPHL1"	"USGS"	"Bayou Dorcheat near Springhill, LA"	"CONUS"	"true"	"true"
"07359610"	"CDDA4"	"USGS"	"Caddo River near Caddo Gap, AR"	"CONUS"	"true"	"true"
"07360200"	"LANA4"	"USGS"	"Little Missouri River near Langley, AR"	"CONUS"	"true"	"true"
"07362100"	"SMKA4"	"USGS"	"Smackover Creek near Smackover, AR"	"CONUS"	"true"	"true"
"07362587"	"RFMA4"	"USGS"	"Alum Fork Saline River near Reform, AR"	"CONUS"	"true"	"true"
"07366200"	"LILL1"	"USGS"	"Little Corney Bayou near Lillie, LA"	"CONUS"	"true"	"true"
"07375000"	"FLSL1"	"USGS"	"Tchefuncte River near Folsom, LA"	"CONUS"	"true"	"true"
"07375800"	"LPOL1"	"USGS"	"Tickfaw River at Liverpool, LA"	"CONUS"	"true"	"true"
"07376500"	"NRBL1"	"USGS"	"Natalbany River at Baptist, LA"	"CONUS"	"true"	"true"
"07373000"	"POLL1"	"USGS"	"Big Creek at Pollock, LA"	"CONUS"	"true"	"true"
"07378000"	"CMTL1"	"USGS"	"Comite River near Comite, LA"	"CONUS"	"true"	"true"
"08010000"	"BDCL1"	"USGS"	"Bayou Des Cannes near Eunice, LA"	"CONUS"	"true"	"true"
"08013000"	"GLML1"	"USGS"	"Calcasieu River nr Glenmora, LA"	"CONUS"	"true"	"true"
"08014500"	"MTTL1"	"USGS"	"Ouiska Chitto Creek Near Oberlin, LA"	"CONUS"	"true"	"true"
"08017300"	"QLAT2"	"USGS"	"S Fk Sabine Rv nr Quinlan, TX"	"CONUS"	"true"	"true"
"08023080"	"SBGL1"	"USGS"	"Bayou Grand Cane near Stanley, LA"	"CONUS"	"true"	"true"
"08023400"	"BNSL1"	"USGS"	"Bayou San Patricio near Benson, LA"	"CONUS"	"true"	"true"
"08025500"	"BTOL1"	"USGS"	"Bayou Toro near Toro, LA"	"CONUS"	"true"	"true"
"08029500"	"NCCT2"	"USGS"	"Big Cow Ck nr Newton, TX"	"CONUS"	"true"	"true"
"08031000"	"MCVT2"	"USGS"	"Cow Bayou nr Mauriceville, TX"	"CONUS"	"true"	"true"
"08020700"	"KLGT2"	"USGS"	"Rabbit Ck at Kilgore, TX"	"CONUS"	"false"	"true"
"08041500"	"KOUT2"	"USGS"	"Village Ck nr Kountze, TX"	"CONUS"	"true"	"true"
"08041700"	"SOLT2"	"USGS"	"Pine Island Bayou nr Sour Lake, TX"	"CONUS"	"true"	"true"
"08047500"	"FWHT2"	"USGS"	"Clear Fk Trinity Rv at Ft Worth, TX"	"CONUS"	"true"	"true"
"08049700"	"MNFT2"	"USGS"	"Walnut Ck nr Mansfield, TX"	"CONUS"	"true"	"true"
"08050800"	"CNVT2"	"USGS"	"Timber Ck nr Collinsville, TX"	"CONUS"	"true"	"true"
"08050840"	"CVET2"	"USGS"	"Range Ck nr Collinsville, TX"	"CONUS"	"true"	"true"
"08053500"	"DCJT2"	"USGS"	"Denton Ck nr Justin, TX"	"CONUS"	"true"	"true"
"08057200"	"DWRT2"	"USGS"	"White Rk Ck at Greenville Ave, Dallas, TX"	"CONUS"	"true"	"true"
"08064100"	"RCET2"	"USGS"	"Chambers Ck nr Rice, TX"	"CONUS"	"true"	"true"
"08065200"	"UKOT2"	"USGS"	"Upper Keechi Ck nr Oakwood, TX"	"CONUS"	"true"	"true"
"08066200"	"LIVT2"	"USGS"	"Long King Ck at Livingston, TX"	"CONUS"	"true"	"true"
"08066300"	"RYET2"	"USGS"	"Menard Ck nr Rye, TX"	"CONUS"	"true"	"true"
"08068780"	"CYRT2"	"USGS"	"Little Cypress Ck nr Cypress, TX"	"CONUS"	"true"	"true"
"08070000"	"CLDT2"	"USGS"	"E Fk San Jacinto Rv nr Cleveland, TX"	"CONUS"	"true"	"true"
"08070500"	"SDAT2"	"USGS"	"Caney Ck nr Splendora, TX"	"CONUS"	"true"	"true"
"08068325"	"LWCT2"	"USGS"	"Willow Ck nr Tomball, TX"	"CONUS"	"true"	"true"
"08075000"	"HBMT2"	"USGS"	"Brays Bayou at Houston, TX"	"CONUS"	"true"	"true"
"08082700"	"MCMT2"	"USGS"	"Millers Ck nr Munday, TX"	"CONUS"	"true"	"true"
"08086212"	"ABAT2"	"USGS"	"Hubbard Ck bl Albany, TX"	"CONUS"	"true"	"true"
"08079600"	"JTBT2"	"USGS"	"DMF Brazos Rv at Justiceburg, TX"	"CONUS"	"true"	"true"
"08095300"	"MCGT2"	"USGS"	"Middle Bosque Rv nr McGregor, TX"	"CONUS"	"true"	"true"
"08099300"	"DSBT2"	"USGS"	"Sabana Rv nr De Leon, TX"	"CONUS"	"true"	"true"
"08101000"	"PICT2"	"USGS"	"Cowhouse Ck at Pidcoke, TX"	"CONUS"	"true"	"true"
"08104900"	"GETT2"	"USGS"	"S Fk San Gabriel Rv at Georgetown, TX"	"CONUS"	"true"	"true"
"08109700"	"DMYT2"	"USGS"	"Middle Yegua Ck nr Dime Box, TX"	"CONUS"	"true"	"true"
"08103900"	"BSJT2"	"USGS"	"S Fk Rocky Ck nr Briggs, TX"	"CONUS"	"true"	"true"
"08130700"	"SPZT2"	"USGS"	"Spring Ck abv Twin Buttes Res nr San Angelo, TX"	"CONUS"	"true"	"true"
"08131400"	"SGOT2"	"USGS"	"Pecan Ck nr San Angelo, TX"	"CONUS"	"true"	"true"
"08133250"	"SLRT2"	"USGS"	"N Concho Rv abv Sterling City, TX"	"CONUS"	"true"	"true"
"08144500"	"MNRT2"	"USGS"	"San Saba Rv at Menard, TX"	"CONUS"	"true"	"true"
"08150800"	"MBCT2"	"USGS"	"Beaver Ck nr Mason, TX"	"CONUS"	"true"	"true"
"08128400"	"TKST2"	"USGS"	"Middle Concho Rv abv Tankersley, TX"	"CONUS"	"true"	"true"
"08158700"	"DRWT2"	"USGS"	"Onion Ck nr Driftwood, TX"	"CONUS"	"true"	"true"
"08158810"	"BCDT2"	"USGS"	"Bear Ck bl FM 1826 nr Driftwood, TX"	"CONUS"	"true"	"true"
"08158860"	"SLHT2"	"USGS"	"Slaughter Ck at FM 2304 nr Austin, TX"	"CONUS"	"true"	"true"
"08152900"	"FRBT2"	"USGS"	"Pedernales Rv nr Fredericksburg, TX"	"CONUS"	"true"	"true"
"08154700"	"ABUT2"	"USGS"	"Bull Ck at Loop 360 nr Austin, TX"	"CONUS"	"true"	"true"
"08155200"	"OHBT2"	"USGS"	"Barton Ck at SH 71 nr Oak Hill, TX"	"CONUS"	"true"	"true"
"08164000"	"EDNT2"	"USGS"	"Lavaca Rv nr Edna, TX"	"CONUS"	"true"	"true"
"08164300"	"SBMT2"	"USGS"	"Navidad Rv nr Hallettsville, TX"	"CONUS"	"true"	"true"
"08164600"	"NGCT2"	"USGS"	"Garcitas Ck nr Inez, TX"	"CONUS"	"true"	"true"
"08165300"	"HNFT2"	"USGS"	"N Fk Guadalupe Rv nr Hunt, TX"	"CONUS"	"true"	"true"
"08165500"	"HNTT2"	"USGS"	"Guadalupe Rv at Hunt, TX"	"CONUS"	"true"	"true"
"08166000"	"JCIT2"	"USGS"	"Johnson Ck nr Ingram, TX"	"CONUS"	"true"	"true"
"08171290"	"HFXT2"	"USGS"	"Blanco Rv at Halifax Rch nr Kyle, TX"	"CONUS"	"true"	"true"
"08175000"	"WHOT2"	"USGS"	"Sandies Ck nr Westhoff, TX"	"CONUS"	"true"	"true"
"08178880"	"BDAT2"	"USGS"	"Medina Rv at Bandera, TX"	"CONUS"	"true"	"true"
"08176900"	"SCDT2"	"USGS"	"Coleto Ck at Arnold Rd Crsg nr Schroeder, TX"	"CONUS"	"true"	"true"
"08177300"	"PEDT2"	"USGS"	"Perdido Ck at FM 622 nr Fannin, TX"	"CONUS"	"true"	"true"
"08186500"	"RUGT2"	"USGS"	"Ecleto Ck nr Runge, TX"	"CONUS"	"true"	"true"
"08189200"	"RCCT2"	"USGS"	"Copano Ck nr Refugio, TX"	"CONUS"	"true"	"true"
"08189300"	"MIOT2"	"USGS"	"Medio Ck nr Beeville, TX"	"CONUS"	"true"	"true"
"08190000"	"UVAT2"	"USGS"	"Nueces Rv at Laguna, TX"	"CONUS"	"true"	"true"
"08190500"	"BTVT2"	"USGS"	"W Nueces Rv nr Brackettville, TX"	"CONUS"	"true"	"true"
"08194200"	"FRRT2"	"USGS"	"San Casimiro Ck nr Freer, TX"	"CONUS"	"true"	"true"
"08198000"	"SALT2"	"USGS"	"Sabinal Rv nr Sabinal, TX"	"CONUS"	"true"	"true"
"08200000"	"TPHT2"	"USGS"	"Hondo Ck nr Tarpley, TX"	"CONUS"	"true"	"true"
"08201500"	"SSMT2"	"USGS"	"Seco Ck at Miller Rh nr Utopia, TX"	"CONUS"	"true"	"true"
"08212400"	"FAFT2"	"USGS"	"Los Olmos Ck nr Falfurrias, TX"	"CONUS"	"true"	"true"
"08195000"	"CNCT2"	"USGS"	"Frio Rv at Concan, TX"	"CONUS"	"true"	"true"
"08196000"	"RWDT2"	"USGS"	"Dry Frio Rv nr Reagan Wells, TX"	"CONUS"	"true"	"true"
"08267500"	"VADN5"	"USGS"	"RIO HONDO NEAR VALDEZ, NM"	"CONUS"	"true"	"true"
"08271000"	"RLAN5"	"USGS"	"RIO LUCERO NEAR ARROYO SECO, NM"	"CONUS"	"true"	"true"
"08277470"	"RPPN5"	"USGS"	"RIO PUEBLO NR PENASCO, NM"	"CONUS"	"true"	"true"
"08315480"	"SFAN5"	"USGS"	"SANTA FE RIVER ABOVE MCCLURE RES, NR SANTA FE, NM"	"CONUS"	"true"	"true"
"08302500"	"TSQN5"	"USGS"	"TESUQUE CREEK ABOVE DIVERSIONS NEAR SANTA FE, NM"	"CONUS"	"true"	"true"
"08340500"		"USGS"	"ARROYO CHICO NR GUADALUPE, NM"	"CONUS"	"true"	"true"
"08386505"	"RRUN5"	"USGS"	"RIO RUIDOSO AT RUIDOSO, NM"	"CONUS"	"true"	"true"
"08401200"	"SSRN5"	"USGS"	"SOUTH SEVEN RIVERS NR LAKEWOOD, NM"	"CONUS"	"true"	"true"
"08405105"	"DKCN5"	"USGS"	"DARK CANYON DRAW NEAR WHITES CITY, NM"	"CONUS"	"true"	"true"
"08408500"	"RDBN5"	"USGS"	"DELAWARE RIVER NR RED BLUFF, NM"	"CONUS"	"true"	"true"
"08447020"	"SFIT2"	"USGS"	"Independence Ck nr Sheffield, TX"	"CONUS"	"true"	"true"
"09059500"	"PSBC2"	"USGS"	"PINEY RIVER NEAR STATE BRIDGE, CO"	"CONUS"	"true"	"true"
"09064600"	"EAMC2"	"USGS"	"EAGLE RIVER NEAR MINTURN, CO"	"CONUS"	"true"	"true"
"09065500"	"GOMC2"	"USGS"	"GORE CREEK AT UPPER STATION, NEAR MINTURN, CO."	"CONUS"	"true"	"true"
"09066000"	"BGKC2"	"USGS"	"BLACK GORE CREEK NEAR MINTURN, CO."	"CONUS"	"true"	"true"
"09050100"	"TCFC2"	"USGS"	"TENMILE CREEK BL NORTH TENMILE C, AT FRISCO, CO."	"CONUS"	"true"	"true"
"09051050"	"SLAC2"	"USGS"	"STRAIGHT CR BLW LASKEY GULCH NR DILLON, CO"	"CONUS"	"true"	"true"
"09112500"	"ALEC2"	"USGS"	"EAST RIVER AT ALMONT, CO"	"CONUS"	"true"	"true"
"09115500"	"TMCC2"	"USGS"	"TOMICHI CREEK AT SARGENTS, CO"	"CONUS"	"true"	"true"
"09124500"	"LFGC2"	"USGS"	"LAKE FORK AT GATEVIEW, CO."	"CONUS"	"true"	"true"
"09183600"	"MCSU1"	"USGS"	"MILL CREEK BELOW SHELEY TUNNEL, NEAR MOAB, UT"	"CONUS"	"true"	"true"
"09188500"	"WBRW4"	"USGS"	"GREEN RIVER AT WARREN BRIDGE, NEAR DANIEL, WY"	"CONUS"	"true"	"true"
"09210500"	"FCHW4"	"USGS"	"FONTENELLE C NR HERSCHLER RANCH, NR FONTENELLE, WY"	"CONUS"	"true"	"true"
"09223000"	"HMFW4"	"USGS"	"HAMS FORK BELOW POLE CREEK, NEAR FRONTIER, WY"	"CONUS"	"true"	"true"
"09238900"	"FISC2"	"USGS"	"FISH CR AT UPPER STA NR STEAMBOAT SPRINGS, CO"	"CONUS"	"true"	"true"
"09217900"	"BNRU1"	"USGS"	"BLACKS FORK NEAR ROBERTSON, WY"	"CONUS"	"true"	"true"
"09258980"	"MCYW4"	"USGS"	"MUDDY CREEK BELOW YOUNG DRAW, NEAR BAGGS, WY"	"CONUS"	"true"	"true"
"09266500"	"ASHU1"	"USGS"	"ASHLEY CREEK NEAR VERNAL, UT"	"CONUS"	"true"	"true"
"09253000"	"LSRC2"	"USGS"	"LITTLE SNAKE RIVER NEAR SLATER, CO"	"CONUS"	"true"	"true"
"09306242"	"COGC2"	"USGS"	"CORRAL GULCH NEAR RANGELY, CO"	"CONUS"	"true"	"true"
"09312600"	"WRSU1"	"USGS"	"WHITE R BL TABBYUNE CRK NR SOLDIER SUMMIT, UT"	"CONUS"	"true"	"true"
"09329050"	"SMCU1"	"USGS"	"SEVEN MILE CREEK NEAR FISH LAKE, UT"	"CONUS"	"true"	"true"
"09310700"	"MCAU1"	"USGS"	"MUD CRK BL WINTER QUARTERS CYN @ SCOFIELD, UT"	"CONUS"	"true"	"true"
"09352900"	"VNBC2"	"USGS"	"VALLECITO CREEK NEAR BAYFIELD, CO."	"CONUS"	"true"	"true"
"09359500"	"ATTC2"	"USGS"	"ANIMAS RIVER AT TALL TIMBER RESORT ABOVE TACOMA,CO"	"CONUS"	"true"	"true"
"09401110"	"DINA3"	"USGS"	"DINNEBITO WASH NEAR SAND SPRINGS, AZ"	"CONUS"	"true"	"true"
"09386900"	"RNRN5"	"USGS"	"RIO NUTRIA NEAR RAMAH, NM"	"CONUS"	"true"	"true"
"09404208"	"DPSA3"	"USGS"	"DIAMOND CREEK NEAR PEACH SPRINGS, AZ"	"CONUS"	"true"	"true"
"09404222"	"SEMA3"	"USGS"	"SPENCER CREEK NEAR PEACH SPRINGS, AZ"	"CONUS"	"true"	"true"
"09404450"	"EFFU1"	"USGS"	"EAST FORK VIRGIN RIVER NEAR GLENDALE, UT"	"CONUS"	"true"	"true"
"09405500"	"NFVU1"	"USGS"	"NORTH FORK VIRGIN RIVER NEAR SPRINGDALE, UT"	"CONUS"	"true"	"true"
"09413900"	"BDWU1"	"USGS"	"BEAVER DAM WASH NEAR ENTERPRISE, UT"	"CONUS"	"true"	"true"
"09430500"	"GILN5"	"USGS"	"GILA RIVER NEAR GILA, NM"	"CONUS"	"true"	"true"
"09430600"	"MCCN5"	"USGS"	"MOGOLLON CREEK NEAR CLIFF, NM"	"CONUS"	"true"	"true"
"09424447"	"BCBA3"	"USGS"	"BURRO CREEK AT OLD US 93 BRIDGE, NEAR BAGDAD, AZ"	"CONUS"	"true"	"true"
"09444200"	"BLCA3"	"USGS"	"BLUE RIVER NEAR CLIFTON, AZ."	"CONUS"	"true"	"true"
"09447800"	"BNMA3"	"USGS"	"BONITA CREEK NEAR MORENCI, AZ."	"CONUS"	"true"	"true"
"09484000"	"SBCA3"	"USGS"	"SABINO CREEK NEAR TUCSON, AZ"	"CONUS"	"true"	"true"
"09484580"	"BCSA3"	"USGS"	"BARREL CANYON NEAR SONOITA, AZ"	"CONUS"	"true"	"true"
"09484600"	"PNTA3"	"USGS"	"PANTANO WASH NEAR VAIL, AZ."	"CONUS"	"true"	"true"
"09485000"	"RINA3"	"USGS"	"RINCON CREEK NEAR TUCSON, AZ."	"CONUS"	"true"	"true"
"09470750"	"RMSA3"	"USGS"	"RAMSEY CANYON NEAR SIERRA VISTA, AZ"	"CONUS"	"true"	"true"
"09470800"	"GFHA3"	"USGS"	"GARDEN CANYON NEAR FORT HUACHUCA, AZ"	"CONUS"	"true"	"true"
"09489500"	"BPPA3"	"USGS"	"BLACK RVR BLW PUMPING PLANT, NR POINT OF PINES, AZ"	"CONUS"	"true"	"true"
"09492400"	"EWFA3"	"USGS"	"EAST FORK WHITE RIVER NEAR FORT APACHE, AZ."	"CONUS"	"true"	"true"
"09497800"	"CBQA3"	"USGS"	"CIBECUE CREEK NEAR CHRYSOTILE, AZ"	"CONUS"	"true"	"true"
"09497980"	"CHRA3"	"USGS"	"CHERRY CREEK NEAR GLOBE, AZ"	"CONUS"	"true"	"true"
"094985005"	"PCAA3"	"USGS"	"PINTO CREEK ABOVE HAUNTED CANYON NR MIAMI, AZ"	"CONUS"	"true"	"true"
"09498502"	"PCMA3"	"USGS"	"PINTO CREEK NEAR MIAMI, AZ"	"CONUS"	"true"	"true"
"09499000"	"TNRA3"	"USGS"	"TONTO CREEK ABOVE GUN CREEK, NEAR ROOSEVELT, AZ"	"CONUS"	"true"	"true"
"09504420"	"OAKA3"	"USGS"	"OAK CREEK NEAR SEDONA, AZ"	"CONUS"	"true"	"true"
"09505200"	"WBVA3"	"USGS"	"WET BEAVER CREEK NEAR RIMROCK, AZ"	"CONUS"	"true"	"true"
"09505800"	"WCLA3"	"USGS"	"WEST CLEAR CREEK NEAR CAMP VERDE, AZ"	"CONUS"	"true"	"true"
"09508300"	"WTBA3"	"USGS"	"WET BOTTOM CREEK NEAR CHILDS, AZ"	"CONUS"	"true"	"true"
"09510200"	"SYCA3"	"USGS"	"SYCAMORE CREEK NEAR FORT MCDOWELL, AZ"	"CONUS"	"true"	"true"
"09512280"	"CAVA3"	"USGS"	"CAVE CREEK BLW COTTONWOOD CR NEAR CAVE CREEK, AZ."	"CONUS"	"true"	"true"
"09513780"	"NWRA3"	"USGS"	"NEW RIVER NEAR ROCK SPRINGS, AZ."	"CONUS"	"true"	"true"
"09537200"	"LESA3"	"USGS"	"LESLIE CREEK NEAR MCNEAL, AZ."	"CONUS"	"true"	"true"
"10011500"	"BERU1"	"USGS"	"BEAR RIVER NEAR UTAH-WYOMING STATE LINE"	"CONUS"	"true"	"true"
"10023000"	"BGCU1"	"USGS"	"BIG CREEK NEAR RANDOLPH, UT"	"CONUS"	"true"	"true"
"10109000"	"LGNU1"	"USGS"	"LOGAN RIVER ABOVE STATE DAM, NEAR LOGAN, UT"	"CONUS"	"true"	"true"
"10128500"	"OAWU1"	"USGS"	"WEBER RIVER NEAR OAKLEY, UT"	"CONUS"	"true"	"true"
"10146400"	"CCMU1"	"USGS"	"CURRANT CREEK NEAR MONA, UT"	"CONUS"	"true"	"true"
"10149400"	"DMOU1"	"USGS"	"DIAMOND FORK ABV RED HOLLOW NR THISTLE, UT"	"CONUS"	"true"	"true"
"10172700"	"VCVU1"	"USGS"	"VERNON CREEK NEAR VERNON, UT"	"CONUS"	"true"	"true"
"10172870"	"TCCU1"	"USGS"	"TROUT CREEK NEAR CALLAO, UT"	"CONUS"	"true"	"true"
"10173450"	"MACU1"	"USGS"	"MAMMOTH CREEK ABV WEST HATCH DITCH, NEAR HATCH, UT"	"CONUS"	"true"	"true"
"10205030"	"SAYU1"	"USGS"	"SALINA CREEK NEAR EMERY, UT"	"CONUS"	"true"	"true"
"10242000"	"COAU1"	"USGS"	"COAL CREEK NEAR CEDAR CITY, UT"	"CONUS"	"true"	"true"
"10243260"	"LMNN2"	"USGS"	"LEHMAN CK NR BAKER, NV"	"CONUS"	"true"	"true"
"10243700"	"CVCN2"	"USGS"	"CLEVE CK NR ELY, NV"	"CONUS"	"true"	"true"
"10258000"	"TQUC1"	"USGS"	"TAHQUITZ C NR PALM SPRINGS CA"	"CONUS"	"true"	"true"
"10258500"	"PCNC1"	"USGS"	"PALM CYN C NR PALM SPRINGS CA"	"CONUS"	"true"	"true"
"10308200"	"CEMC1"	"USGS"	"E FK CARSON RV BLW MARKLEEVILLE CK NR MARKLEEVILLE"	"CONUS"	"true"	"true"
"10308794"	"BBMC1"	"USGS"	"BRYANT C BL MOUNTAINEER C NR MARKLEEVILLE CA"	"CONUS"	"true"	"true"
"10310500"	"CLRN2"	"USGS"	"CLEAR CK NR CARSON CITY, NV"	"CONUS"	"true"	"true"
"10321590"	"SUSN2"	"USGS"	"SUSIE CK AT CARLIN, NV"	"CONUS"	"true"	"true"
"10329500"	"MARN2"	"USGS"	"MARTIN CK NR PARADISE VALLEY, NV"	"CONUS"	"true"	"true"
"103366092"	"UTHC1"	"USGS"	"UPPER TRUCKEE RV AT HWY 50 ABV MEYERS, CA"	"CONUS"	"true"	"true"
"10336645"	"GNRC1"	"USGS"	"GENERAL C NR MEEKS BAY CA"	"CONUS"	"true"	"true"
"10336660"	"BKDC1"	"USGS"	"BLACKWOOD C NR TAHOE CITY CA"	"CONUS"	"true"	"true"
"10347310"	"DOGN2"	"USGS"	"DOG CK AT VERDI, NV"	"CONUS"	"true"	"true"
"10352500"	"MDCN2"	"USGS"	"MCDERMITT CK NR MCDERMITT, NV"	"CONUS"	"true"	"true"
"11014000"	"JMLC1"	"USGS"	"JAMUL C NR JAMUL CA"	"CONUS"	"true"	"true"
"11015000"	"SWCC1"	"USGS"	"SWEETWATER R NR DESCANSO CA"	"CONUS"	"true"	"true"
"11023000"	"FSNC1"	"USGS"	"SAN DIEGO R A FASHION VALLEY AT SAN DIEGO CA"	"CONUS"	"true"	"true"
"11046300"	"NMTC1"	"USGS"	"SAN MATEO C NR SAN CLEMENTE CA"	"CONUS"	"true"	"true"
"11042400"	"TEKC1"	"USGS"	"TEMECULA C NR AGUANGA CA"	"CONUS"	"true"	"true"
"11063510"	"CJKC1"	"USGS"	"CAJON C BL LONE PINE C NR KEENBROOK CA"	"CONUS"	"true"	"true"
"11098000"	"ASPC1"	"USGS"	"ARROYO SECO NR PASADENA CA"	"CONUS"	"true"	"true"
"11114495"	"MTGC1"	"USGS"	"MATILIJA C NR RES NR MATILIJA HOT SPRINGS CA"	"CONUS"	"true"	"true"
"11118500"	"VRVC1"	"USGS"	"VENTURA R NR VENTURA"	"CONUS"	"true"	"true"
"11120500"	"SJEC1"	"USGS"	"SAN JOSE C NR GOLETA CA"	"CONUS"	"true"	"true"
"11124500"	"SCCC1"	"USGS"	"SANTA CRUZ C NR SANTA YNEZ CA"	"CONUS"	"true"	"true"
"11138500"	"SSQC1"	"USGS"	"SISQUOC R NR SISQUOC CA"	"CONUS"	"true"	"true"
"11141280"	"LZCC1"	"USGS"	"LOPEZ C NR ARROYO GRANDE CA"	"CONUS"	"true"	"true"
"11143000"	"BSRC1"	"USGS"	"BIG SUR R NR BIG SUR CA"	"CONUS"	"true"	"true"
"11147500"	"PRBC1"	"USGS"	"SALINAS R A PASO ROBLES CA"	"CONUS"	"true"	"true"
"11148900"	"NBYC1"	"USGS"	"NACIMIENTO R BL SAPAQUE C NR BRYSON CA"	"CONUS"	"true"	"true"
"11152000"	"SOLC1"	"USGS"	"ARROYO SECO NR SOLEDAD CA"	"CONUS"	"true"	"true"
"11162570"	"SXGC1"	"USGS"	"SAN GREGORIO C A SAN GREGORIO CA"	"CONUS"	"true"	"true"
"11169800"	"NRGC1"	"USGS"	"COYOTE C NR GILROY CA"	"CONUS"	"true"	"true"
"11172945"	"MPTC1"	"USGS"	"ALAMEDA C AB DIV DAM NR SUNOL CA"	"CONUS"	"true"	"true"
"11173200"	"AHOC1"	"USGS"	"ARROYO HONDO NR SAN JOSE CA"	"CONUS"	"true"	"true"
"11176400"	"YLEC1"	"USGS"	"ARROYO VALLE BL LANG CYN NR LIVERMORE CA"	"CONUS"	"true"	"true"
"11180500"	"DYUC1"	"USGS"	"DRY C A UNION CITY CA"	"CONUS"	"true"	"true"
"11180900"	"KCRC1"	"USGS"	"CROW C NR HAYWARD CA"	"CONUS"	"true"	"true"
"11200800"	"DKCC1"	"USGS"	"DEER C NR FOUNTAIN SPRINGS CA"	"CONUS"	"true"	"true"
"11203580"	"TLRC1"	"USGS"	"SF TULE R NR CHOLOLLO CAMPGROUND NR PORTERVILLE CA"	"CONUS"	"true"	"true"
"11224500"	"LGCC1"	"USGS"	"LOS GATOS C AB NUNEZ CYN NR COALINGA CA"	"CONUS"	"true"	"true"
"11253310"	"COLC1"	"USGS"	"CANTUA C NR CANTUA CREEK CA"	"CONUS"	"true"	"true"
"11274630"	"PTTC1"	"USGS"	"DEL PUERTO C NR PATTERSON CA"	"CONUS"	"true"	"true"
"11274790"	"TGCC1"	"USGS"	"TUOLUMNE R A GRAND CYN OF TUOLUMNE AB HETCH HETCHY"	"CONUS"	"true"	"true"
"11299600"	"BCCC1"	"USGS"	"BLACK C NR COPPEROPOLIS CA"	"CONUS"	"true"	"true"
"11274500"	"OREC1"	"USGS"	"ORESTIMBA C NR NEWMAN CA"	"CONUS"	"true"	"true"
"11374000"	"CWCC1"	"USGS"	"COW C NR MILLVILLE CA"	"CONUS"	"true"	"true"
"11381500"	"MLMC1"	"USGS"	"MILL C NR LOS MOLINOS CA"	"CONUS"	"true"	"true"
"11383500"	"DCVC1"	"USGS"	"DEER C NR VINA CA"	"CONUS"	"true"	"true"
"11402000"	"SCBC1"	"USGS"	"SPANISH C AB BLACKHAWK C AT KEDDIE CA"	"CONUS"	"true"	"true"
"11413000"	"GYRC1"	"USGS"	"N YUBA R BL GOODYEARS BAR CA"	"CONUS"	"true"	"true"
"11335000"	"MHBC1"	"USGS"	"COSUMNES R A MICHIGAN BAR CA"	"CONUS"	"true"	"true"
"11449500"	"KCVC1"	"USGS"	"KELSEY C NR KELSEYVILLE CA"	"CONUS"	"true"	"true"
"11456000"	"SHEC1"	"USGS"	"NAPA R NR ST HELENA CA"	"CONUS"	"true"	"true"
"11458000"	"APCC1"	"USGS"	"NAPA R NR NAPA CA"	"CONUS"	"true"	"true"
"11461000"	"UKAC1"	"USGS"	"RUSSIAN R NR UKIAH CA"	"CONUS"	"true"	"true"
"11467000"	"RIOC1"	"USGS"	"RUSSIAN R A HACIENDA BRIDGE NR GUERNEVILLE CA"	"CONUS"	"true"	"true"
"11467200"	"AUSC1"	"USGS"	"AUSTIN C NR CAZADERO CA"	"CONUS"	"true"	"true"
"11467510"		"USGS"	"SF GUALALA R NR THE SEA RANCH CA"	"CONUS"	"true"	"true"
"11468000"	"NVRC1"	"USGS"	"NAVARRO R NR NAVARRO CA"	"CONUS"	"true"	"true"
"11468500"	"FTBC1"	"USGS"	"NOYO R NR FORT BRAGG CA"	"CONUS"	"true"	"true"
"11468900"	"ETTC1"	"USGS"	"MATTOLE R NR ETTERSBURG CA"	"CONUS"	"true"	"true"
"11478500"	"BRGC1"	"USGS"	"VAN DUZEN R NR BRIDGEVILLE CA"	"CONUS"	"true"	"true"
"11480390"	"MAUC1"	"USGS"	"MAD R AB RUTH RES NR FOREST GLEN CA"	"CONUS"	"true"	"true"
"11481000"	"ARCC1"	"USGS"	"MAD R NR ARCATA CA"	"CONUS"	"true"	"true"
"11481200"	"TRDC1"	"USGS"	"LITTLE R NR TRINIDAD CA"	"CONUS"	"true"	"true"
"11481500"	"BLKC1"	"USGS"	"REDWOOD C NR BLUE LAKE CA"	"CONUS"	"true"	"true"
"11476600"	"WEOC1"	"USGS"	"BULL C NR WEOTT CA"	"CONUS"	"true"	"true"
"11521500"	"HAPC1"	"USGS"	"INDIAN C NR HAPPY CAMP CA"	"CONUS"	"true"	"true"
"11522500"	"SBRC1"	"USGS"	"SALMON R A SOMES BAR CA"	"CONUS"	"true"	"true"
"11525530"	"RCLC1"	"USGS"	"RUSH C NR LEWISTON CA"	"CONUS"	"true"	"true"
"11525670"	"ICDC1"	"USGS"	"INDIAN C NR DOUGLAS CITY CA"	"CONUS"	"true"	"true"
"11528700"	"HYMC1"	"USGS"	"SF TRINITY R BL HYAMPOM CA"	"CONUS"	"true"	"true"
"11532500"	"CREC1"	"USGS"	"SMITH R NR CRESCENT CITY CA"	"CONUS"	"true"	"true"
"12010000"	"NASW1"	"USGS"	"NASELLE RIVER NEAR NASELLE, WA"	"CONUS"	"true"	"true"
"12013500"	"WILW1"	"USGS"	"WILLAPA RIVER NEAR WILLAPA, WA"	"CONUS"	"true"	"true"
"12020000"	"DOTW1"	"USGS"	"CHEHALIS RIVER NEAR DOTY, WA"	"CONUS"	"true"	"true"
"12024000"	"SFNW1"	"USGS"	"SOUTH FORK NEWAUKUM RIVER NEAR ONALASKA, WA"	"CONUS"	"true"	"true"
"12035000"	"SATW1"	"USGS"	"SATSOP RIVER NEAR SATSOP, WA"	"CONUS"	"true"	"true"
"12039005"	"HMRW1"	"USGS"	"HUMPTULIPS RIVER BELOW HWY 101 NR HUMPTULIPS, WA"	"CONUS"	"true"	"true"
"12039500"	"QLTW1"	"USGS"	"QUINAULT RIVER AT QUINAULT LAKE, WA"	"CONUS"	"true"	"true"
"12041200"	"HORW1"	"USGS"	"HOH RIVER AT US HIGHWAY 101 NEAR FORKS, WA"	"CONUS"	"true"	"true"
"12043000"	"CALW1"	"USGS"	"CALAWAH RIVER NEAR FORKS, WA"	"CONUS"	"true"	"true"
"12043300"	"HOKW1"	"USGS"	"HOKO RIVER NEAR SEKIU, WA"	"CONUS"	"true"	"true"
"12025700"	"VALW1"	"USGS"	"SKOOKUMCHUCK RIVER NEAR VAIL, WA"	"CONUS"	"true"	"true"
"12060500"	"SSUW1"	"USGS"	"SOUTH FORK SKOKOMISH RIVER NEAR UNION, WA"	"CONUS"	"true"	"true"
"12079000"	"DSRW1"	"USGS"	"DESCHUTES RIVER NEAR RAINIER, WA"	"CONUS"	"true"	"true"
"12082500"	"NISW1"	"USGS"	"NISQUALLY RIVER NEAR NATIONAL, WA"	"CONUS"	"true"	"true"
"12054000"	"DKBW1"	"USGS"	"DUCKABUSH RIVER NEAR BRINNON, WA"	"CONUS"	"true"	"true"
"12056500"	"SKOW1"	"USGS"	"NF SKOKOMISH R BL STAIRCASE RPDS NR HOODSPORT, WA"	"CONUS"	"true"	"true"
"12092000"	"ELEW1"	"USGS"	"PUYALLUP RIVER NEAR ELECTRON, WA"	"CONUS"	"true"	"true"
"12094000"	"FFXW1"	"USGS"	"CARBON RIVER NEAR FAIRFAX, WA"	"CONUS"	"true"	"true"
"12095000"	"SPEW1"	"USGS"	"SOUTH PRAIRIE CREEK AT SOUTH PRAIRIE, WA"	"CONUS"	"true"	"true"
"12097500"	"GRNW1"	"USGS"	"GREENWATER RIVER AT GREENWATER, WA"	"CONUS"	"true"	"true"
"12108500"		"USGS"	"NEWAUKUM CREEK NEAR BLACK DIAMOND, WA"	"CONUS"	"true"	"true"
"12115500"	"REXW1"	"USGS"	"REX RIVER NEAR CEDAR FALLS, WA"	"CONUS"	"true"	"true"
"12117000"	"TAYW1"	"USGS"	"TAYLOR CREEK NEAR SELLECK, WA"	"CONUS"	"true"	"true"
"12120600"	"ISQW1"	"USGS"	"ISSAQUAH CREEK NEAR HOBART, WA"	"CONUS"	"true"	"true"
"12134500"	"GLBW1"	"USGS"	"SKYKOMISH RIVER NEAR GOLD BAR, WA"	"CONUS"	"true"	"true"
"12137290"	"SULW1"	"USGS"	"SOUTH FORK SULTAN RIVER NEAR SULTAN, WA"	"CONUS"	"true"	"true"
"12141300"	"TANW1"	"USGS"	"MIDDLE FORK SNOQUALMIE RIVER NEAR TANNER, WA"	"CONUS"	"true"	"true"
"12142000"	"SNQW1"	"USGS"	"NF SNOQUALMIE RIVER NEAR SNOQUALMIE FALLS, WA"	"CONUS"	"true"	"true"
"12145500"	"RAGW1"	"USGS"	"RAGING RIVER NEAR FALL CITY, WA"	"CONUS"	"true"	"true"
"12158040"	"TLCW1"	"USGS"	"TULALIP CREEK NEAR TULALIP, WA"	"CONUS"	"true"	"true"
"12167000"	"ARGW1"	"USGS"	"NF STILLAGUAMISH RIVER NEAR ARLINGTON, WA"	"CONUS"	"true"	"true"
"12175500"	"THNW1"	"USGS"	"THUNDER CREEK NEAR NEWHALEM, WA"	"CONUS"	"true"	"true"
"12178100"	"NEKW1"	"USGS"	"NEWHALEM CREEK NEAR NEWHALEM, WA"	"CONUS"	"true"	"true"
"12182500"	"CSCW1"	"USGS"	"CASCADE RIVER AT MARBLEMOUNT, WA"	"CONUS"	"true"	"true"
"12186000"	"WCHW1"	"USGS"	"SAUK RIVER AB WHITE CHUCK RIVER NR  DARRINGTON, WA"	"CONUS"	"true"	"true"
"12201500"	"SMRW1"	"USGS"	"SAMISH RIVER NEAR BURLINGTON, WA"	"CONUS"	"true"	"true"
"12205000"	"NFNW1"	"USGS"	"NF NOOKSACK RIVER BL CASCADE CREEK NR GLACIER, WA"	"CONUS"	"true"	"true"
"12208000"	"MFNW1"	"USGS"	"MF NOOKSACK RIVER NEAR DEMING, WA"	"CONUS"	"true"	"true"
"12210000"	"NSSW1"	"USGS"	"SF NOOKSACK RIVER AT SAXON BRIDGE, WA"	"CONUS"	"true"	"true"
"12302055"	"FISM8"	"USGS"	"Fisher River near Libby MT"	"CONUS"	"true"	"true"
"12304500"	"TRYM8"	"USGS"	"Yaak River near Troy MT"	"CONUS"	"true"	"true"
"12323670"	"MCAM8"	"USGS"	"Mill Creek nr Anaconda, MT"	"CONUS"	"true"	"true"
"12323710"	"WCAM8"	"USGS"	"Willow Creek nr Anaconda, MT"	"CONUS"	"true"	"true"
"12330000"	"BMXM8"	"USGS"	"Boulder Creek at Maxville MT"	"CONUS"	"true"	"true"
"12354000"	"STRM8"	"USGS"	"St. Regis River near St. Regis, MT"	"CONUS"	"true"	"true"
"12358500"	"WGCM8"	"USGS"	"M F Flathead River near West Glacier MT"	"CONUS"	"true"	"true"
"12359800"	"TNCM8"	"USGS"	"S F Flathead R ab Twin C nr Hungry Horse MT"	"CONUS"	"true"	"true"
"12332000"	"MFRM8"	"USGS"	"Middle Fork Rock Cr nr Philipsburg MT"	"CONUS"	"true"	"true"
"12374250"		"USGS"	"Mill Cr ab Bassoo Cr nr Niarada MT"	"CONUS"	"true"	"true"
"12381400"	"ARLM8"	"USGS"	"South Fork Jocko River near Arlee MT"	"CONUS"	"true"	"true"
"12390700"	"PRCM8"	"USGS"	"Prospect Creek at Thompson Falls MT"	"CONUS"	"true"	"true"
"12392155"	"LTCI1"	"USGS"	"LIGHTNING CREEK AT CLARK FORK ID"	"CONUS"	"true"	"true"
"12370000"	"SWRM8"	"USGS"	"Swan River near Bigfork, MT"	"CONUS"	"true"	"true"
"12413130"	"NMLI1"	"USGS"	"NINEMILE CREEK AB MOUTH AT WALLACE, ID"	"CONUS"	"true"	"true"
"12413370"		"USGS"	"EF PINE CREEK ABV NABOB CR NEAR PINEHURST ID"	"CONUS"	"true"	"true"
"12413875"	"SJII1"	"USGS"	"St Joe River at Red Ives Ranger Station, ID"	"CONUS"	"true"	"true"
"12424000"	"HAGW1"	"USGS"	"Hangman Creek at Spokane, WA"	"CONUS"	"true"	"true"
"12411000"	"ZZZI1"	"USGS"	"NF COEUR D ALENE R AB SHOSHONE CK NR PRICHARD ID"	"CONUS"	"true"	"true"
"12413125"		"USGS"	"CANYON CREEK AB MOUTH AT WALLACE, ID"	"CONUS"	"true"	"true"
"12447383"	"MZMW1"	"USGS"	"METHOW RIVER ABOVE GOAT CREEK NEAR MAZAMA, WA"	"CONUS"	"true"	"true"
"12447390"	"ACMW1"	"USGS"	"ANDREWS CREEK NEAR MAZAMA, WA"	"CONUS"	"true"	"true"
"12452800"	"ARDW1"	"USGS"	"ENTIAT RIVER NEAR ARDENVOIR, WA"	"CONUS"	"true"	"true"
"12452890"	"MRAW1"	"USGS"	"MAD RIVER AT ARDENVOIR, WA"	"CONUS"	"true"	"true"
"12456500"	"CHIW1"	"USGS"	"CHIWAWA RIVER NEAR PLAIN, WA"	"CONUS"	"true"	"true"
"12458000"	"ICIW1"	"USGS"	"ICICLE CREEK ABOVE SNOW CREEK NEAR LEAVENWORTH, WA"	"CONUS"	"true"	"true"
"12451000"	"STHW1"	"USGS"	"STEHEKIN RIVER AT STEHEKIN, WA"	"CONUS"	"true"	"true"
"13010065"	"FLGW4"	"USGS"	"SNAKE RIVER AB JACKSON LAKE AT FLAGG RANCH WY"	"CONUS"	"true"	"true"
"13011500"	"PACW4"	"USGS"	"PACIFIC CREEK AT MORAN, WY"	"CONUS"	"true"	"true"
"13016305"	"GCMW4"	"USGS"	"GRANITE C AB GRANITE C SUPPLEMENTAL, NR MOOSE, WY"	"CONUS"	"true"	"true"
"13023000"	"GREW4"	"USGS"	"GREYS RIVER ABOVE RESERVOIR, NEAR ALPINE, WY"	"CONUS"	"true"	"true"
"13032500"	"PALI1"	"USGS"	"SNAKE RIVER NR IRWIN ID"	"CONUS"	"true"	"true"
"13037500"	"HEII1"	"USGS"	"SNAKE RIVER NR HEISE ID"	"CONUS"	"true"	"true"
"13046995"	"FAYI1"	"USGS"	"FALL RIVER AB YELLOWSTONE CANAL NR SQUIRREL ID"	"CONUS"	"true"	"true"
"13083000"	"TCOI1"	"USGS"	"TRAPPER CREEK NR OAKLEY ID"	"CONUS"	"true"	"true"
"13148500"	"WODI1"	"USGS"	"LITTLE WOOD RIVER NR CAREY ID"	"CONUS"	"true"	"true"
"13161500"	"BRON2"	"USGS"	"BRUNEAU RV AT ROWLAND, NV"	"CONUS"	"true"	"true"
"13162225"	"JBGN2"	"USGS"	"JARBIDGE RV BLW JARBIDGE, NV"	"CONUS"	"true"	"true"
"13185000"	"BTSI1"	"USGS"	"BOISE RIVER NR TWIN SPRINGS ID"	"CONUS"	"true"	"true"
"13186000"	"BRFI1"	"USGS"	"SF BOISE RIVER NR FEATHERVILLE ID"	"CONUS"	"true"	"true"
"13190500"	"ARAI1"	"USGS"	"SF BOISE RIVER AT ANDERSON RANCH DAM ID"	"CONUS"	"true"	"true"
"13217500"	"BEUO3"	"USGS"	"NORTH FORK MALHEUR RIVER AT BEULAH OR"	"CONUS"	"true"	"true"
"13233300"	"VALO3"	"USGS"	"MALHEUR RIVER BELOW NEVADA DAM NEAR VALE OR"	"CONUS"	"true"	"true"
"13235000"	"PRLI1"	"USGS"	"SOUTH FORK PAYETTE RIVER AT LOWMAN, ID"	"CONUS"	"true"	"true"
"13237920"	"MFPI1"	"USGS"	"MIDDLE FORK PAYETTE RIVER NR CROUCH ID"	"CONUS"	"true"	"true"
"13239000"	"PAYI1"	"USGS"	"NF PAYETTE RIVER AT MCCALL ID"	"CONUS"	"true"	"true"
"13247500"	"HRSI1"	"USGS"	"PAYETTE RIVER NR HORSESHOE BEND ID"	"CONUS"	"true"	"true"
"13266000"	"WSRI1"	"USGS"	"WEISER RIVER NR WEISER ID"	"CONUS"	"true"	"true"
"13296500"	"SRYI1"	"USGS"	"SALMON RIVER BL YANKEE FORK NR CLAYTON ID"	"CONUS"	"true"	"true"
"13297330"	"TOMI1"	"USGS"	"THOMPSON CREEK NR CLAYTON ID"	"CONUS"	"true"	"true"
"13306385"		"USGS"	"NAPIAS CREEK BELOW ARNETT CREEK NEAR LEESBURG, ID"	"CONUS"	"true"	"true"
"13309220"	"MIDI1"	"USGS"	"MF SALMON RIVER AT MF LODGE NR YELLOW PINE ID"	"CONUS"	"true"	"true"
"13331500"	"MNMO3"	"USGS"	"MINAM RIVER AT MINAM, OR"	"CONUS"	"true"	"true"
"13334450"		"USGS"	"ASOTIN CREEK BELOW CONFLUENCE NEAR ASOTIN, WA"	"CONUS"	"true"	"true"
"13336500"	"SELI1"	"USGS"	"SELWAY RIVER NR LOWELL ID"	"CONUS"	"true"	"true"
"13337000"	"LOCI1"	"USGS"	"LOCHSA RIVER NR LOWELL ID"	"CONUS"	"true"	"true"
"13310700"	"KRSI1"	"USGS"	"SF SALMON RIVER NR KRASSEL RANGER STATION ID"	"CONUS"	"true"	"true"
"13346800"	"PACI1"	"USGS"	"PARADISE CR AT UNIVERSITY OF IDAHO AT MOSCOW ID"	"CONUS"	"true"	"true"
"13348000"	"PULW1"	"USGS"	"SOUTH FORK PALOUSE RIVER AT PULLMAN, WA"	"CONUS"	"true"	"true"
"14013000"	"MLKW1"	"USGS"	"MILL CREEK NEAR WALLA WALLA, WA"	"CONUS"	"true"	"true"
"13339500"		"USGS"	"LOLO CREEK NR GREER ID"	"CONUS"	"true"	"true"
"14020000"	"GIBO3"	"USGS"	"UMATILLA RIVER ABOVE MEACHAM CREEK, NR GIBBON, OR"	"CONUS"	"true"	"true"
"14020300"	"MCGO3"	"USGS"	"MEACHAM CREEK AT GIBBON, OR"	"CONUS"	"true"	"true"
"14033500"	"UMAO3"	"USGS"	"UMATILLA RIVER NEAR UMATILLA, OR"	"CONUS"	"true"	"true"
"14046890"	"PCCO3"	"USGS"	"PINE CREEK NEAR CLARNO, OR"	"CONUS"	"true"	"true"
"14092750"	"SHIO3"	"USGS"	"SHITIKE CRK AT PETERS PASTURE, NR WARM SPRINGS, OR"	"CONUS"	"true"	"true"
"14096850"	"BCQO3"	"USGS"	"BEAVER CREEK BELOW QUARTZ CREEK, NR SIMNASHO, OR"	"CONUS"	"true"	"true"
"14137000"	"SRMO3"	"USGS"	"SANDY RIVER NEAR MARMOT, OR"	"CONUS"	"true"	"true"
"14138800"	"BLZO3"	"USGS"	"BLAZED ALDER CREEK NEAR RHODODENDRON, OR"	"CONUS"	"true"	"true"
"14138870"	"FCBO3"	"USGS"	"FIR CREEK NEAR BRIGHTWOOD, OR"	"CONUS"	"true"	"true"
"14138900"	"NBRO3"	"USGS"	"NORTH FORK BULL RUN RIVER NEAR MULTNOMAH FALLS, OR"	"CONUS"	"true"	"true"
"14139800"	"SBRO3"	"USGS"	"SOUTH FORK BULL RUN RIVER NEAR BULL RUN, OR"	"CONUS"	"true"	"true"
"14141500"	"LSNO3"	"USGS"	"LITTLE SANDY RIVER NEAR BULL RUN, OR"	"CONUS"	"true"	"true"
"14113200"	"MSRO3"	"USGS"	"MOSIER CREEK NEAR MOSIER, OR"	"CONUS"	"true"	"true"
"14150800"	"WCLO3"	"USGS"	"WINBERRY CREEK NEAR LOWELL,OR"	"CONUS"	"true"	"true"
"14154500"	"DRRO3"	"USGS"	"ROW RIVER ABOVE PITCHER CREEK, NEAR DORENA, OR"	"CONUS"	"true"	"true"
"14158790"		"USGS"	"SMITH RIVER ABV SMITH R RESV,NR BELKNAP SPRNGS,OR"	"CONUS"	"true"	"true"
"14161500"	"LOCO3"	"USGS"	"LOOKOUT CREEK NEAR BLUE RIVER, OR"	"CONUS"	"true"	"true"
"14166500"	"NOTO3"	"USGS"	"LONG TOM RIVER NEAR NOTI, OR"	"CONUS"	"true"	"true"
"14179000"	"BRBO3"	"USGS"	"BREITENBUSH R ABV FRENCH CR NR DETROIT, OR."	"CONUS"	"true"	"true"
"14180300"	"DEQO3"	"USGS"	"BLOWOUT CREEK NEAR DETROIT, OR"	"CONUS"	"true"	"true"
"14185900"	"QCCO3"	"USGS"	"QUARTZVILLE CREEK NEAR CASCADIA, OR"	"CONUS"	"true"	"true"
"14187000"		"USGS"	"WILEY CREEK NEAR FOSTER, OR"	"CONUS"	"true"	"true"
"14185000"		"USGS"	"SOUTH SANTIAM RIVER BELOW CASCADIA, OR"	"CONUS"	"true"	"true"
"14211400"	"GREO3"	"USGS"	"JOHNSON CREEK AT REGNER ROAD, AT GRESHAM, OR"	"CONUS"	"true"	"true"
"14211500"	"SYCO3"	"USGS"	"JOHNSON CREEK AT SYCAMORE, OR"	"CONUS"	"true"	"true"
"14222500"	"HSSW1"	"USGS"	"EAST FORK LEWIS RIVER NEAR HEISSON, WA"	"CONUS"	"true"	"true"
"14226500"	"PACW1"	"USGS"	"COWLITZ RIVER AT PACKWOOD, WA"	"CONUS"	"true"	"true"
"14299800"	"VENO3"	"USGS"	"NEHALEM RIVER NEAR VERNONIA, OR"	"CONUS"	"true"	"true"
"14301000"	"FSSO3"	"USGS"	"NEHALEM RIVER NEAR FOSS, OR"	"CONUS"	"true"	"true"
"14301500"	"TLMO3"	"USGS"	"WILSON RIVER NEAR TILLAMOOK, OR"	"CONUS"	"true"	"true"
"14302480"	"TRAO3"	"USGS"	"TRASK RIVER ABOVE CEDAR CREEK, NEAR TILLAMOOK, OR"	"CONUS"	"true"	"true"
"14305500"	"SILO3"	"USGS"	"SILETZ RIVER AT SILETZ, OR"	"CONUS"	"true"	"true"
"14306500"	"TIDO3"	"USGS"	"ALSEA RIVER NEAR TIDEWATER, OR"	"CONUS"	"true"	"true"
"14216000"	"LRCW1"	"USGS"	"LEWIS RIVER ABOVE MUDDY RIVER NEAR COUGAR, WA"	"CONUS"	"true"	"true"
"14216500"	"MUDW1"	"USGS"	"MUDDY RIVER BELOW CLEAR CREEK NEAR COUGAR, WA"	"CONUS"	"true"	"true"
"14219000"	"CCAW1"	"USGS"	"CANYON CREEK NEAR AMBOY, WA"	"CONUS"	"true"	"true"
"14309500"	"GLNO3"	"USGS"	"WEST FORK COW CREEK NEAR GLENDALE, OR"	"CONUS"	"true"	"true"
"14315950"	"FHCO3"	"USGS"	"FISH CREEK ABV SLIPPER CREEK NR TOKETEE FALLS, OR"	"CONUS"	"true"	"true"
"14316455"	"SSPO3"	"USGS"	"N.UMPQUA R BLW SODA SPGS RESV, NR TOKETEE FALLS,OR"	"CONUS"	"true"	"true"
"14316495"	"BODO3"	"USGS"	"BOULDER CREEK NEAR TOKETEE FALLS, OR"	"CONUS"	"true"	"true"
"14316700"	"SCRO3"	"USGS"	"STEAMBOAT CREEK NEAR GLIDE, OR"	"CONUS"	"true"	"true"
"14318000"	"LRPO3"	"USGS"	"LITTLE RIVER AT PEEL, OR"	"CONUS"	"true"	"true"
"14308000"	"TILO3"	"USGS"	"SOUTH UMPQUA RIVER AT TILLER, OR"	"CONUS"	"true"	"true"
"14308500"		"USGS"	"ELK CREEK NR DREW, OR"	"CONUS"	"true"	"true"
"14308990"	"COGO3"	"USGS"	"COW CREEK ABV GALESVILLE RES, NR AZALEA, OR."	"CONUS"	"true"	"true"
"14357500"	"MFDO3"	"USGS"	"BEAR CREEK AT MEDFORD, OR"	"CONUS"	"true"	"true"
"14362250"	"SGRO3"	"USGS"	"STAR GULCH NEAR RUCH, OR"	"CONUS"	"true"	"true"
"14325000"	"POWO3"	"USGS"	"SOUTH FORK COQUILLE RIVER AT POWERS, OR"	"CONUS"	"true"	"true"
"14400000"	"CHTO3"	"USGS"	"CHETCO RIVER NEAR BROOKINGS, OR"	"CONUS"	"true"	"true"
"402114105350101"	"MRPC2"	"USGS"	"BIG THOMPSON BL MORAINE PARK NR ESTES PARK, CO"	"CONUS"	"true"	"true"
"15209700"	"MXYA2"	"USGS"	"WF KENNICOTT R AT MCCARTHY AK"	"Alaska"	"true"	"true"
"15226620"	"LHFA2"	"USGS"	"LOWE R AB HORSETAIL FALLS NR VALDEZ AK"	"Alaska"	"true"	"true"
"15236900"	"WLCA2"	"USGS"	"WOLVERINE C NR LAWING AK"	"Alaska"	"true"	"true"
"15238600"		"USGS"	"SPRUCE C NR SEWARD AK"	"Alaska"	"true"	"true"
"15238978"		"USGS"	"BATTLE C DIV AB BRADLEY LK NR HOMER AK"	"Alaska"	"true"	"true"
"15238986"	"BATA2"	"USGS"	"BATTLE C 1.0 MI AB MOUTH NR HOMER AK"	"Alaska"	"true"	"true"
"15239050"	"BRMA2"	"USGS"	"MF BRADLEY R NR HOMER AK"	"Alaska"	"true"	"true"
"15243900"	"SNOA2"	"USGS"	"SNOW R NR SEWARD AK"	"Alaska"	"true"	"true"
"15271000"	"SIXA2"	"USGS"	"SIXMILE C NR HOPE AK"	"Alaska"	"true"	"true"
"15272380"		"USGS"	"TWENTYMILE R BL GLACIER R NR PORTAGE AK"	"Alaska"	"true"	"true"
"15274600"	"CCSA2"	"USGS"	"CAMPBELL C NR SPENARD AK"	"Alaska"	"true"	"true"
"15275100"	"CHRA2"	"USGS"	"CHESTER C AT ARCTIC BOULEVARD AT ANCHORAGE AK"	"Alaska"	"true"	"true"
"15276000"	"SHIA2"	"USGS"	"SHIP C NR ANCHORAGE AK"	"Alaska"	"true"	"true"
"15281000"		"USGS"	"KNIK R NR PALMER AK"	"Alaska"	"true"	"true"
"15283700"	"MOOA2"	"USGS"	"MOOSE C NR PALMER AK"	"Alaska"	"true"	"true"
"15284000"	"MATA2"	"USGS"	"MATANUSKA R AT PALMER AK"	"Alaska"	"true"	"true"
"15290000"	"LSUA2"	"USGS"	"L SUSITNA R NR PALMER AK"	"Alaska"	"true"	"true"
"15292700"	"TRTA2"	"USGS"	"TALKEETNA R NR TALKEETNA AK"	"Alaska"	"true"	"true"
"15292800"		"USGS"	"MONTANA C NR MONTANA AK"	"Alaska"	"true"	"true"
"15293200"		"USGS"	"KASHWITNA R NR WILLOW AK"	"Alaska"	"true"	"true"
"15293700"		"USGS"	"L WILLOW C NR KASHWITNA AK"	"Alaska"	"true"	"true"
"15294005"	"WLWA2"	"USGS"	"WILLOW C NR WILLOW AK"	"Alaska"	"true"	"true"
"15266110"	"SKLA2"	"USGS"	"KENAI R BL SKILAK LK OUTLET NR STERLING AK"	"Alaska"	"true"	"true"
"16010000"	"KWKH1"	"USGS"	"Kawaikoi Stream nr Waimea, Kauai, HI"	"Hawaii"	"true"	"true"
"16019000"	"WIEH1"	"USGS"	"Waialae Str at alt 3,820 ft nr Waimea, Kauai, HI"	"Hawaii"	"true"	"true"
"16068000"	"WEBH1"	"USGS"	"EB of NF Wailua River nr Lihue, Kauai, HI"	"Hawaii"	"true"	"true"
"16071500"	"OLBH1"	"USGS"	"Left Branch Opaekaa Str nr Kapaa, Kauai, HI"	"Hawaii"	"true"	"true"
"16103000"	"HLEH1"	"USGS"	"Hanalei River nr Hanalei, Kauai, HI"	"CONUS"	"true"	"true"
"16108000"	"WNIH1"	"USGS"	"Wainiha River nr Hanalei, Kauai, HI"	"Hawaii"	"true"	"true"
"16200000"	"KNFH1"	"USGS"	"NF Kaukonahua Str abv RB, nr Wahiawa, Oahu, HI"	"Hawaii"	"true"	"true"
"16211600"	"MKHH1"	"USGS"	"Makaha Str nr Makaha, Oahu, HI"	"Hawaii"	"true"	"true"
"16213000"		"USGS"	"Waikele Str at Waipahu, Oahu, HI"	"Hawaii"	"true"	"true"
"16226200"	"HWSH1"	"USGS"	"N. Halawa Str nr Honolulu, Oahu, HI"	"Hawaii"	"true"	"true"
"16226400"	"NHSH1"	"USGS"	"N. Halawa Str nr Quar. Stn. at Halawa, Oahu, HI"	"Hawaii"	"true"	"true"
"16060000"	"WSFH1"	"USGS"	"SF Wailua River nr Lihue, Kauai, HI"	"Hawaii"	"true"	"true"
"16294100"	"WHSH1"	"USGS"	"Waiahole Stream above Kamehameha Hwy, Oahu, HI"	"CONUS"	"false"	"true"
"16345000"	"OPAH1"	"USGS"	"Opaeula Str nr Wahiawa, Oahu, HI"	"Hawaii"	"true"	"true"
"16400000"		"USGS"	"Halawa Stream near Halawa, Molokai, HI"	"Hawaii"	"true"	"true"
"16501200"	"OHGH1"	"USGS"	"Oheo Gulch at dam near Kipahulu, Maui, HI"	"Hawaii"	"true"	"true"
"16508000"	"HNWH1"	"USGS"	"Hanawi Stream near Nahiku, Maui, HI"	"Hawaii"	"true"	"true"
"16518000"	"WWKH1"	"USGS"	"West Wailuaiki Stream near Keanae, Maui, HI"	"Hawaii"	"true"	"true"
"16587000"		"USGS"	"Honopou Stream near Huelo, Maui, HI"	"Hawaii"	"true"	"true"
"16604500"		"USGS"	"Wailuku River at Kepaniwai Park, Maui, HI"	"Hawaii"	"true"	"true"
"16301050"	"PNSH1"	"USGS"	"Punaluu Str abv Punaluu Ditch Intake, Oahu, HI"	"Hawaii"	"true"	"true"
"16304200"	"KLSH1"	"USGS"	"Kaluanui Stream nr Punaluu, Oahu, HI"	"Hawaii"	"true"	"true"
"16704000"	"WLUH1"	"USGS"	"Wailuku River at Piihonua, HI"	"CONUS"	"true"	"true"
"16717000"	"NLIH1"	"USGS"	"Honolii Stream nr Papaikou, HI"	"Hawaii"	"true"	"true"
"16725000"	"ALKH1"	"USGS"	"Alakahi Stream near Kamuela, HI"	"Hawaii"	"true"	"true"
"16770500"	"PAGH1"	"USGS"	"Paauau Gulch at Pahala, HI"	"Hawaii"	"true"	"true"
"16614000"		"USGS"	"Waihee Rv abv Waihee Dtch intk nr Waihee, Maui, HI"	"Hawaii"	"true"	"true"
"16618000"	"KKLH1"	"USGS"	"Kahakuloa Stream near Honokohau, Maui, HI"	"Hawaii"	"true"	"true"
"16620000"	"HKSH1"	"USGS"	"Honokohau Stream near Honokohau, Maui, HI"	"Hawaii"	"true"	"true"
"16720000"	"KWSH1"	"USGS"	"Kawainui Stream nr Kamuela, HI"	"Hawaii"	"true"	"true"
"50014800"	"CMAP4"	"USGS"	"RIO CAMUY NR BAYANEY, PR"	"Puerto Rico"	"true"	"true"
"50028000"	"UTHP4"	"USGS"	"RIO TANAMA NR UTUADO, PR"	"Puerto Rico"	"true"	"true"
"50028400"	"ARDP4"	"USGS"	"RIO TANAMA AT CHARCO HONDO, PR"	"Puerto Rico"	"true"	"true"
"50034000"	"BAUP4"	"USGS"	"RIO BAUTA NR OROCOVIS, PR"	"Puerto Rico"	"true"	"true"
"50035000"	"CIAP4"	"USGS"	"RIO GRANDE DE MANATI AT CIALES, PR"	"Puerto Rico"	"true"	"true"
"50038100"		"USGS"	"RIO GRANDE DE MANATI AT HWY 2 NR MANATI, PR"	"Puerto Rico"	"true"	"true"
"50039500"	"VGBP4"	"USGS"	"RIO CIBUCO AT VEGA BAJA, PR"	"Puerto Rico"	"true"	"true"
"50043197"	"USAP4"	"USGS"	"RIO USABON AT HWY 162 NR BARRANQUITAS, PR"	"Puerto Rico"	"true"	"true"
"50043800"	"COMP4"	"USGS"	"RIO DE LA PLATA AT COMERIO, PR"	"CONUS"	"true"	"true"
"50025155"	"JAYP4"	"USGS"	"RIO SALIENTE AT COABEY NR JAYUYA, PR"	"Puerto Rico"	"true"	"true"
"LCB"		"CADWR"	""	"CONUS"	"true"	"true"
"50113800"	"PCEP4"	"USGS"	"RIO CERRILLOS ABV LAGO CERRILLOS NR PONCE, PR"	"Puerto Rico"	"true"	"true"
"50100200"	"SALP4"	"USGS"	"RIO LAPA NR RABO DEL BUEY, PR"	"Puerto Rico"	"true"	"true"
"50100450"	"SAMP4"	"USGS"	"RIO MAJADA AT LA PLENA, PR"	"Puerto Rico"	"true"	"true"
"50106100"	"COAP4"	"USGS"	"RIO COAMO AT HWY 14 AT COAMO, PR"	"Puerto Rico"	"true"	"true"
"50110650"	"JLGP4"	"USGS"	"RIO JACAGUAS ABV LAGO GUAYABAL"	"Puerto Rico"	"true"	"true"
"50114900"	"PRTP4"	"USGS"	"RIO PORTUGUES NR TIBES, PR"	"Puerto Rico"	"true"	"true"
"50075500"	"NGKP4"	"USGS"	"RIO BLANCO AT FLORIDA, PR"	"CONUS"	"false"	"true"
"50136400"	"MAYP4"	"USGS"	"RIO ROSARIO NR HORMIGUEROS, PR"	"Puerto Rico"	"true"	"true"
"50144000"	"SEBP4"	"USGS"	"RIO GRANDE DE ANASCO NR SAN SEBASTIAN, PR"	"Puerto Rico"	"true"	"true"
"50147800"	"MOCP4"	"USGS"	"RIO CULEBRINAS AT HWY 404 NR MOCA, PR"	"CONUS"	"true"	"true"
"10172860"		"USGS"	""	"CONUS"	"true"	"true"
"MTK"		"CADWR"	""	"CONUS"	"true"	"true"
"09404343"	"TWVA3"	"USGS"	""	"CONUS"	"true"	"true"
"09404110"	"SUPA3"	"USGS"	""	"CONUS"	"true"	"true"
"NFW"		"CADWR"	""	"CONUS"	"true"	"true"
"MPD"		"CADWR"	""	"CONUS"	"true"	"true"
"50124200"	"GYAP4"	"USGS"	"RIO GUAYANILLA NEAR GUAYANILLA, PR"	"Puerto Rico"	"true"	"true"
"01097000"	"MAYM3"	"USGS"	"ASSABET RIVER AT MAYNARD, MA"	"CONUS"	"true"	"true"
"01115187"		"USGS"	"PONAGANSET RIVER AT SOUTH FOSTER, RI"	"CONUS"	"true"	"true"
"01123000"	"HNOC3"	"USGS"	"LITTLE RIVER NEAR HANOVER, CT"	"CONUS"	"true"	"true"
"01334000"	"BNTV1"	"USGS"	"WALLOOMSAC RIVER NEAR NORTH BENNINGTON, VT"	"CONUS"	"true"	"true"
"01379000"	"MILN4"	"USGS"	"Passaic River near Millington NJ"	"CONUS"	"true"	"true"
"01013500"	"FIHM1"	"USGS"	"Fish River near Fort Kent, Maine"	"CONUS"	"true"	"true"
"01030500"	"MATM1"	"USGS"	"Mattawamkeag River near Mattawamkeag, Maine"	"CONUS"	"true"	"true"
"01534000"	"TNKP1"	"USGS"	"Tunkhannock Creek near Tunkhannock, PA"	"CONUS"	"true"	"true"
"01573000"	"HTVP1"	"USGS"	"Swatara Creek at Harper Tavern, PA"	"CONUS"	"true"	"true"
"01581810"	"GFHM2"	"USGS"	"GUNPOWDER FALLS AT HOFFMANVILLE, MD"	"CONUS"	"true"	"true"
"01613095"	"HANM2"	"USGS"	"TONOLOWAY CREEK NEAR HANCOCK, MD"	"CONUS"	"true"	"true"
"02024915"	"PLRV2"	"USGS"	"PEDLAR RIVER AT FOREST ROAD NEAR BUENA VISTA, VA"	"CONUS"	"true"	"true"
"02077200"	"LSBN7"	"USGS"	"HYCO CREEK NEAR LEASBURG, NC"	"CONUS"	"true"	"true"
"02084160"	"SIMN7"	"USGS"	"CHICOD CR AT SR1760 NEAR SIMPSON, NC"	"CONUS"	"true"	"true"
"02091000"	"NAHN7"	"USGS"	"NAHUNTA SWAMP NEAR SHINE, NC"	"CONUS"	"true"	"true"
"02108000"	"CHIN7"	"USGS"	"NORTHEAST CAPE FEAR RIVER NEAR CHINQUAPIN, NC"	"CONUS"	"true"	"true"
"02198690"	"EBZG1"	"USGS"	"EBENEZER CREEK AT SPRINGFIELD, GA"	"CONUS"	"true"	"true"
"02235200"	"CASF1"	"USGS"	"BLACKWATER CREEK NEAR CASSIA, FL"	"CONUS"	"true"	"true"
"02297155"	"HORF1"	"USGS"	"HORSE CREEK NEAR MYAKKA HEAD FL"	"CONUS"	"true"	"true"
"02299472"	"BNPF1"	"USGS"	"BIG SLOUGH AT WEST PRICE BLVD NEAR NORTH PORT FL"	"CONUS"	"true"	"true"
"02157470"		"USGS"	"MIDDLE TYGER RIVER NEAR GRAMLING, SC"	"CONUS"	"true"	"true"
"02167450"	"SILS1"	"USGS"	"LITTLE RIVER NR SILVERSTREET, SC"	"CONUS"	"true"	"true"
"023177483"	"VDSG1"	"USGS"	"WITHLACOOCHEE R AT SKIPPER BRIDGE RD,NR BEMISS, GA"	"CONUS"	"false"	"true"
"02330450"	"HDCG1"	"USGS"	"CHATTAHOOCHEE RIVER AT HELEN, GA"	"CONUS"	"true"	"true"
"02380500"	"ELIG1"	"USGS"	"COOSAWATTEE RIVER NEAR ELLIJAY, GA"	"CONUS"	"true"	"true"
"02384500"	"ETNG1"	"USGS"	"CONASAUGA RIVER AT GA 286, NEAR ETON, GA"	"CONUS"	"true"	"true"
"02392975"	"NOOG1"	"USGS"	"NOONDAY CREEK AT SHALLOWFORD ROAD, NR WOODSTOCK,GA"	"CONUS"	"true"	"true"
"03115400"	"LNBO1"	"USGS"	"Little Muskingum River at Bloomfield OH"	"CONUS"	"true"	"true"
"03201405"	"HURW2"	"USGS"	"HURRICANE CREEK AT HURRICANE, WV"	"CONUS"	"true"	"true"
"03292474"	"LYDK2"	"USGS"	"GOOSE CREEK AT OLD WESTPORT RD NR ST MATTHEWS, KY"	"CONUS"	"true"	"true"
"03436690"	"EMGT1"	"USGS"	"YELLOW CREEK AT ELLIS MILLS, TN"	"CONUS"	"true"	"true"
"03460000"	"CCNN7"	"USGS"	"CATALOOCHEE CREEK NEAR CATALOOCHEE, NC"	"CONUS"	"true"	"true"
"03574500"	"WDVA1"	"USGS"	"PAINT ROCK RIVER NEAR WOODVILLE AL"	"CONUS"	"true"	"true"
"04043244"	"ESTM4"	"USGS"	"EAST BRANCH SALMON TROUT RIVER NEAR DODGE CITY, MI"	"CONUS"	"true"	"true"
"04045500"	"TAPM4"	"USGS"	"TAHQUAMENON RIVER NEAR PARADISE, MI"	"CONUS"	"true"	"true"
"04067958"		"USGS"	"PESHTIGO RIVER NEAR WABENO, WI"	"CONUS"	"true"	"true"
"03346000"	"OBLI2"	"USGS"	"NORTH FORK EMBARRAS RIVER NEAR OBLONG, IL"	"CONUS"	"true"	"true"
"04126970"	"MYFM4"	"USGS"	"BOARDMAN R ABOVE BROWN BRIDGE ROAD NR MAYFIELD, MI"	"CONUS"	"true"	"true"
"04136000"	"RDOM4"	"USGS"	"AU SABLE RIVER NEAR RED OAK, MI"	"CONUS"	"true"	"true"
"04189000"	"FDYO1"	"USGS"	"Blanchard River near Findlay OH"	"CONUS"	"true"	"true"
"04214500"	"GDVN6"	"USGS"	"BUFFALO CREEK AT GARDENVILLE NY"	"CONUS"	"true"	"true"
"04230500"	"GRBN6"	"USGS"	"OATKA CREEK AT GARBUTT NY"	"CONUS"	"true"	"true"
"04275000"	"ASFN6"	"USGS"	"EAST BRANCH AUSABLE RIVER AT AU SABLE FORKS NY"	"CONUS"	"true"	"true"
"04280450"	"GVVN6"	"USGS"	"METTAWEE RIVER NEAR MIDDLE GRANVILLE NY"	"CONUS"	"true"	"true"
"04292000"	"JONV1"	"USGS"	"LAMOILLE RIVER AT JOHNSON, VT"	"CONUS"	"true"	"true"
"05061500"	"SABM5"	"USGS"	"SOUTH BRANCH BUFFALO RIVER AT SABIN, MN"	"CONUS"	"true"	"true"
"05087500"		"USGS"	"MIDDLE RIVER AT ARGYLE, MN"	"CONUS"	"true"	"true"
"05399500"		"USGS"	"BIG EAU PLEINE RIVER AT STRATFORD, WI"	"CONUS"	"true"	"true"
"05454000"	"IRCI4"	"USGS"	"Rapid Creek near Iowa City, IA"	"CONUS"	"true"	"true"
"05466500"	"NWBI2"	"USGS"	"EDWARDS RIVER NEAR NEW BOSTON, IL"	"CONUS"	"true"	"true"
"05495500"	"MBRI2"	"USGS"	"BEAR CREEK NEAR MARCELLINE, IL"	"CONUS"	"true"	"true"
"05587000"	"MCPI2"	"USGS"	"MACOUPIN CREEK NEAR KANE, IL"	"CONUS"	"true"	"true"
"06336600"	"TRTN8"	"USGS"	"BEAVER CREEK NR TROTTERS, ND"	"CONUS"	"true"	"true"
"06430770"	"SLNS2"	"USGS"	"SPEARFISH CREEK NR LEAD, SD"	"CONUS"	"true"	"true"
"06471200"	"MAPS2"	"USGS"	"MAPLE RIVER AT ND-SD STATE LINE"	"CONUS"	"true"	"true"
"06609500"	"LGNI4"	"USGS"	"Boyer River at Logan, IA"	"CONUS"	"true"	"true"
"06799100"	"PRCN1"	"USGS"	"North Fork Elkhorn River near Pierce, Nebr."	"CONUS"	"true"	"true"
"06806500"	"UION1"	"USGS"	"Weeping Water Creek at Union, Nebr."	"CONUS"	"true"	"true"
"06809210"	"ATCI4"	"USGS"	"East Nishnabotna River near Atlantic, IA"	"CONUS"	"true"	"true"
"06853800"	"BURK1"	"USGS"	"WHITE ROCK C NR BURR OAK, KS"	"CONUS"	"true"	"true"
"06917500"	"FSKK1"	"USGS"	"MARMATON R NR FORT SCOTT, KS"	"CONUS"	"true"	"true"
"06921590"	"ARHM7"	"USGS"	"South Grand River at Archie, MO"	"CONUS"	"true"	"true"
"06921600"	"URHM7"	"USGS"	"South Grand River at Urich, MO"	"CONUS"	"true"	"true"
"06921720"	"BLRM7"	"USGS"	"Big Creek near Blairstown, MO"	"CONUS"	"true"	"true"
"06923940"	"NMCM7"	"USGS"	"Niangua River ab Lake Niangua nr Macks Creek, MO"	"CONUS"	"true"	"true"
"07017200"	"IRNM7"	"USGS"	"Big River at Irondale, MO"	"CONUS"	"true"	"true"
"07025400"	"NOMT1"	"USGS"	"NORTH FORK OBION RIVER NEAR MARTIN, TN (CE)"	"CONUS"	"true"	"true"
"07054080"	"BRBM7"	"USGS"	"Beaver Creek at Bradleyville, MO"	"CONUS"	"true"	"true"
"07061270"	"JSIM7"	"USGS"	"East Fork Black River near Lesterville, MO"	"CONUS"	"true"	"true"
"07148400"	"AVAO2"	"USGS"	"Salt Fork Arkansas River nr Alva, OK"	"CONUS"	"true"	"true"
"06928000"	"HZLM7"	"USGS"	"Gasconade River near Hazelgreen, MO"	"CONUS"	"true"	"true"
"06928300"	"RBUM7"	"USGS"	"Roubidoux Creek above Fort Leonard Wood, MO"	"CONUS"	"true"	"true"
"07329780"	"DVSO2"	"USGS"	"Honey Creek below Turner Falls near Davis, OK"	"CONUS"	"true"	"true"
"07332390"	"CNVO2"	"USGS"	"Blue River near Connerville, OK"	"CONUS"	"true"	"true"
"07337900"	"GLOO2"	"USGS"	"Glover River near Glover, OK"	"CONUS"	"true"	"true"
"07342480"	"MSCT2"	"USGS"	"Middle Sulphur Rv at Commerce, TX"	"CONUS"	"true"	"true"
"07372200"	"RHLL1"	"USGS"	"Little River near Rochelle, LA"	"CONUS"	"true"	"true"
"08210400"	"GWLT2"	"USGS"	"Lagarto Ck nr George West, TX"	"CONUS"	"true"	"true"
"08377900"	"RMON5"	"USGS"	"RIO MORA NEAR TERRERO, NM"	"CONUS"	"true"	"true"
"09035900"	"SWFC2"	"USGS"	"SOUTH FORK OF WILLIAMS FORK NEAR LEAL, CO"	"CONUS"	"true"	"true"
"09484550"	"CNEA3"	"USGS"	"CIENEGA CREEK NEAR SONOITA, AZ."	"CONUS"	"true"	"true"
"09507980"	"EVDA3"	"USGS"	"EAST VERDE RIVER NEAR CHILDS, AZ"	"CONUS"	"true"	"true"
"09196500"	"FRAW4"	"USGS"	"PINE CREEK ABOVE FREMONT LAKE, WY"	"CONUS"	"true"	"true"
"10310000"	"WOOC1"	"USGS"	"W FK CARSON RV AT WOODFORDS, CA"	"CONUS"	"true"	"true"
"10321940"	"MMCN2"	"USGS"	"MAGGIE CK ABV MAGGIE CK CYN NR CARLIN, NV"	"CONUS"	"true"	"true"
"11055800"	"CITC1"	"USGS"	"CITY C NR HIGHLAND CA"	"CONUS"	"true"	"true"
"11111500"	"SSWC1"	"USGS"	"SESPE CREEK NEAR WHEELER SPRINGS CA"	"CONUS"	"true"	"true"
"11129800"	"ZCCC1"	"USGS"	"ZACA C NR BUELLTON CA"	"CONUS"	"true"	"true"
"11473900"	"DOSC1"	"USGS"	"MF EEL R NR DOS RIOS CA"	"CONUS"	"true"	"true"
"12114500"	"CBCW1"	"USGS"	"CEDAR RIVER BELOW BEAR CREEK NEAR CEDAR FALLS, WA"	"CONUS"	"true"	"true"
"12155300"	"PILW1"	"USGS"	"PILCHUCK RIVER NEAR SNOHOMISH, WA"	"CONUS"	"true"	"true"
"12179900"	"BCNW1"	"USGS"	"BACON CREEK BELOW OAKES CREEK NEAR MARBLEMOUNT, WA"	"CONUS"	"true"	"true"
"12395000"	"PRTI1"	"USGS"	"Priest River near Priest River, ID"	"CONUS"	"true"	"true"
"12488500"	"AMRW1"	"USGS"	"AMERICAN RIVER NEAR NILE, WA"	"CONUS"	"true"	"true"
"13011900"	"BFKW4"	"USGS"	"BUFFALO FORK AB LAVA CREEK, NR MORAN, WY"	"CONUS"	"true"	"true"
"12040500"	"QUEW1"	"USGS"	"QUEETS RIVER NEAR CLEARWATER, WA"	"CONUS"	"true"	"true"
"12048000"	"DRSW1"	"USGS"	"DUNGENESS RIVER NEAR SEQUIM, WA"	"CONUS"	"true"	"true"
"14036860"	"JBMO3"	"USGS"	"JOHN DAY R AT BLUE MTN HOT SPGS NR PRAIRIE CITY,OR"	"CONUS"	"true"	"true"
"14158500"	"MOCO3"	"USGS"	"MCKENZIE RIVER AT OUTLET OF CLEAR LAKE, OR"	"CONUS"	"true"	"true"
"14178000"	"BCKO3"	"USGS"	"NO SANTIAM R BLW BOULDER CRK, NR DETROIT, OR"	"CONUS"	"true"	"true"
"14236200"	"TILW1"	"USGS"	"TILTON RIVER AB BEAR CANYON CREEK NEAR CINEBAR, WA"	"CONUS"	"true"	"true"
"14375100"		"USGS"	"SUCKER CREEK BLW LITTLE GRAYBACK CK, NR HOLLAND,OR"	"CONUS"	"true"	"true"
"13313000"	"JOHI1"	"USGS"	"JOHNSON CREEK AT YELLOW PINE ID"	"CONUS"	"true"	"true"
"13338500"	"STII1"	"USGS"	"SF CLEARWATER RIVER AT STITES ID"	"CONUS"	"true"	"true"
"15200280"	"GRSA2"	"USGS"	"GULKANA R AT SOURDOUGH AK"	"Alaska"	"true"	"true"
"15258000"	"COOA2"	"USGS"	"KENAI R AT COOPER LANDING AK"	"Alaska"	"true"	"true"
"15292000"	"GCSA2"	"USGS"	"SUSITNA R AT GOLD CREEK AK"	"Alaska"	"true"	"true"
"50027000"	"ARHP4"	"USGS"	"RIO LIMON ABV LAGO DOS BOCAS, PR"	"Puerto Rico"	"true"	"true"
"50110900"	"TOVP4"	"USGS"	"RIO TOA VACA ABV LAGO TOA VACA, PR"	"Puerto Rico"	"true"	"true"
"50138000"	"HORP4"	"USGS"	"RIO GUANAJIBO NR HORMIGUEROS, PR"	"Puerto Rico"	"true"	"true"
"01010000"	"NINM1"	"USGS"	"St. John River at Ninemile Bridge, Maine"	"CONUS"	"true"	"true"
"01031510"	"BSTM1"	"USGS"	"Black Stream near Dover-Foxcroft, Maine"	"CONUS"	"true"	"true"
"01052500"	"DIAN3"	"USGS"	"Diamond River near Wentworth Location, NH"	"CONUS"	"true"	"true"
"01091000"	"SBPN3"	"USGS"	"SOUTH BRANCH PISCATAQUOG RIVER NEAR GOFFSTOWN, NH"	"CONUS"	"true"	"true"
"01095220"	"STEM3"	"USGS"	"STILLWATER RIVER NEAR STERLING, MA"	"CONUS"	"true"	"true"
"01150900"	"OTQV1"	"USGS"	"OTTAUQUECHEE RIVER NEAR WEST BRIDGEWATER, VT"	"CONUS"	"true"	"true"
"01197500"	"GTBM3"	"USGS"	"HOUSATONIC RIVER NEAR GREAT BARRINGTON, MA"	"CONUS"	"true"	"true"
"16414200"	"KKGH1"	"USGS"	"Kaunakakai Gulch at altitude 75 feet, Molokai, HI"	"Hawaii"	"true"	"true"
"01372500"	"WAPN6"	"USGS"	"WAPPINGER CREEK NEAR WAPPINGERS FALLS NY"	"CONUS"	"true"	"true"
"01396660"	"CLNN4"	"USGS"	"Mulhockaway Creek at Van Syckel NJ"	"CONUS"	"true"	"true"
"01490000"	"CMCM2"	"USGS"	"CHICAMACOMICO RIVER NEAR SALEM, MD"	"CONUS"	"true"	"true"
"01502500"	"RCKN6"	"USGS"	"UNADILLA RIVER AT ROCKDALE NY"	"CONUS"	"true"	"true"
"01350140"	"MKLN6"	"USGS"	"MINE KILL NEAR NORTH BLENHEIM NY"	"CONUS"	"true"	"true"
"01599000"	"WSTM2"	"USGS"	"GEORGES CREEK AT FRANKLIN, MD"	"CONUS"	"true"	"true"
"01610155"	"BELM2"	"USGS"	"SIDELING HILL CREEK NEAR BELLEGROVE, MD"	"CONUS"	"true"	"true"
"01651000"	"ACOM2"	"USGS"	"NORTHWEST BR ANACOSTIA RIVER NR HYATTSVILLE, MD"	"CONUS"	"true"	"true"
"02053800"	"SHAV2"	"USGS"	"S F ROANOKE RIVER NEAR SHAWSVILLE, VA"	"CONUS"	"true"	"true"
"02069700"	"NTLV2"	"USGS"	"SOUTH MAYO RIVER NEAR NETTLERIDGE, VA"	"CONUS"	"true"	"true"
"02087359"	"WALN7"	"USGS"	"WALNUT CREEK AT SUNNYBROOK DRIVE NR RALEIGH, NC"	"CONUS"	"true"	"true"
"01571500"	"CPHP1"	"USGS"	"Yellow Breeches Creek near Camp Hill, PA"	"CONUS"	"true"	"true"
"02160381"	"DURS1"	"USGS"	"DURBIN CREEK ABOVE FOUNTAIN INN, SC"	"CONUS"	"true"	"true"
"021652801"	"NRBS1"	"USGS"	"NORTH RABON CREEK NEAR HICKORY TAVERN, SC"	"CONUS"	"true"	"true"
"02216180"	"MCRG1"	"USGS"	"TURNPIKE CREEK NEAR MCRAE, GA"	"CONUS"	"true"	"true"
"02266480"	"DACF1"	"USGS"	"DAVENPORT CREEK NEAR LOUGHMAN, FL"	"CONUS"	"true"	"true"
"02296500"	"GDRF1"	"USGS"	"CHARLIE CREEK NEAR GARDNER FL"	"CONUS"	"true"	"true"
"02326000"	"ECOF1"	"USGS"	"ECONFINA RIVER NEAR PERRY, FLA."	"CONUS"	"true"	"true"
"02362240"	"LDBA1"	"USGS"	"LITTLE DOUBLE BRIDGES CREEK NR ENTERPRISE, AL."	"CONUS"	"true"	"true"
"03069500"	"PSNW2"	"USGS"	"CHEAT RIVER NEAR PARSONS, WV"	"CONUS"	"true"	"true"
"03159540"	"SRCO1"	"USGS"	"Shade River near Chester OH"	"CONUS"	"true"	"true"
"02455980"	"TKYA1"	"USGS"	"TURKEY CREEK AT SEWAGE PLANT NEAR PINSON AL"	"CONUS"	"true"	"true"
"02470072"	"BASA1"	"USGS"	"BASSETT CREEK AT US HIGHWAY 43 NR THOMASVILLE, AL."	"CONUS"	"true"	"true"
"03339500"	"CRWI3"	"USGS"	"SUGAR CREEK AT CRAWFORDSVILLE, IN"	"CONUS"	"true"	"true"
"03351072"	"WCRI3"	"USGS"	"WILLIAMS CREEK AT 96TH STREET, INDIANAPOLIS, IN"	"CONUS"	"true"	"true"
"03384450"	"EDDI2"	"USGS"	"LUSK CREEK NEAR EDDYVILLE, IL"	"CONUS"	"true"	"true"
"03403910"	"SXTK2"	"USGS"	"CLEAR FORK AT SAXTON, KY"	"CONUS"	"true"	"true"
"03408500"	"NRVT1"	"USGS"	"NEW RIVER AT NEW RIVER, TN"	"CONUS"	"true"	"true"
"03409500"	"CFKT1"	"USGS"	"CLEAR FORK NEAR ROBBINS, TN"	"CONUS"	"true"	"true"
"03415000"	"ALPT1"	"USGS"	"WEST FORK OBEY RIVER NEAR ALPINE, TN"	"CONUS"	"true"	"true"
"03424730"	"GVST1"	"USGS"	"SMITH FORK AT TEMPERANCE HALL, TN"	"CONUS"	"true"	"true"
"03455500"	"LLGN7"	"USGS"	"W F PIGEON R ABOVE LAKE LOGAN NR HAZELWOOD, NC"	"CONUS"	"true"	"true"
"03497300"	"TWNT1"	"USGS"	"LITTLE RIVER ABOVE TOWNSEND, TN"	"CONUS"	"true"	"true"
"03413200"	"MTCK2"	"USGS"	"BEAVER CREEK NEAR MONTICELLO, KY"	"CONUS"	"true"	"true"
"03588500"	"IRCT1"	"USGS"	"SHOAL CREEK AT IRON CITY, TN"	"CONUS"	"true"	"true"
"04024430"		"USGS"	"NEMADJI RIVER NEAR SOUTH SUPERIOR, WI"	"CONUS"	"true"	"true"
"04027000"	"ODAW3"	"USGS"	"BAD RIVER NEAR ODANAH, WI"	"CONUS"	"true"	"true"
"04043050"	"TRRM4"	"USGS"	"TRAP ROCK RIVER NEAR LAKE LINDEN, MI"	"CONUS"	"true"	"true"
"04046000"	"BGTM4"	"USGS"	"BLACK RIVER NEAR GARNET, MI"	"CONUS"	"true"	"true"
"04104945"	"WANM4"	"USGS"	"WANADOGA CREEK NEAR BATTLE CREEK, MI"	"CONUS"	"true"	"true"
"04118500"	"ROCM4"	"USGS"	"ROGUE RIVER NEAR ROCKFORD, MI"	"CONUS"	"true"	"true"
"04124500"	"TSTM4"	"USGS"	"EAST BRANCH PINE RIVER NEAR TUSTIN, MI"	"CONUS"	"true"	"true"
"03578000"	"PELT1"	"USGS"	"ELK RIVER NEAR PELHAM, TN"	"CONUS"	"true"	"true"
"04273800"	"LPHN6"	"USGS"	"LITTLE AUSABLE RIVER NEAR VALCOUR NY"	"CONUS"	"true"	"true"
"04282000"	"CENV1"	"USGS"	"OTTER CREEK AT CENTER RUTLAND, VT"	"CONUS"	"true"	"true"
"05132000"	"BIFM5"	"USGS"	"BIG FORK RIVER AT BIG FALLS, MN"	"CONUS"	"true"	"true"
"05293000"	"ODSM5"	"USGS"	"YELLOW BANK RIVER NEAR ODESSA, MN"	"CONUS"	"true"	"true"
"05327000"	"HICM5"	"USGS"	"HIGH ISLAND CREEK NEAR HENDERSON, MN"	"CONUS"	"true"	"true"
"05387440"	"BLFI4"	"USGS"	"Upper Iowa River at Bluffton, IA"	"CONUS"	"true"	"true"
"05407470"		"USGS"	"KICKAPOO RIVER AT STATE HIGHWAY 33 AT ONTARIO, WI"	"CONUS"	"true"	"true"
"05412400"	"VLPI4"	"USGS"	"Volga River at Littleport, IA"	"CONUS"	"true"	"true"
"04224775"	"DSVN6"	"USGS"	"CANASERAGA CREEK ABOVE DANSVILLE NY"	"CONUS"	"true"	"true"
"05458000"	"IONI4"	"USGS"	"Little Cedar River near Ionia, IA"	"CONUS"	"true"	"true"
"05482300"	"SCRI4"	"USGS"	"North Raccoon River near Sac City, IA"	"CONUS"	"true"	"true"
"05488200"	"KECI4"	"USGS"	"English Creek near Knoxville, IA"	"CONUS"	"true"	"true"
"05514840"	"DCWM7"	"USGS"	"Dardenne Creek at O'Fallon, MO"	"CONUS"	"true"	"true"
"05551200"	"SCHI2"	"USGS"	"FERSON CREEK NEAR ST. CHARLES, IL"	"CONUS"	"true"	"true"
"06037500"	"MDSM8"	"USGS"	"Madison River near West Yellowstone, MT"	"CONUS"	"true"	"true"
"06093200"	"BDCM8"	"USGS"	"Badger Cr bl Four Horns Canal nr Browning MT"	"CONUS"	"true"	"true"
"06289000"	"LBSM8"	"USGS"	"Little Bighorn River at State Line nr Wyola MT"	"CONUS"	"true"	"true"
"06331000"	"LMCN8"	"USGS"	"LITTLE MUDDY RIVER BL COW CREEK NR WILLISTON, ND"	"CONUS"	"true"	"true"
"05447500"	"GENI2"	"USGS"	"GREEN RIVER NEAR GENESEO, IL"	"CONUS"	"true"	"true"
"06447230"	"PIPS2"	"USGS"	"BLACK PIPE CREEK NEAR BELVIDERE, SD"	"CONUS"	"true"	"true"
"06605850"	"LNNI4"	"USGS"	"Little Sioux River at Linn Grove, IA"	"CONUS"	"true"	"true"
"06623800"	"HOGW4"	"USGS"	"ENCAMPMENT RIVER AB HOG PARK CR, NR ENCAMPMENT, WY"	"CONUS"	"true"	"true"
"06784000"	"SMIN1"	"USGS"	"South Loup River at Saint Michael, Nebr."	"CONUS"	"true"	"true"
"06811500"	"ABRN1"	"USGS"	"Little Nemaha River at Auburn, Nebr."	"CONUS"	"true"	"true"
"06821080"	"LPPM7"	"USGS"	"Little Platte River near Plattsburg, MO"	"CONUS"	"true"	"true"
"06888000"	"VCWK1"	"USGS"	"VERMILLION C NR WAMEGO, KS"	"CONUS"	"true"	"true"
"07050690"	"PEAM7"	"USGS"	"Pearson Creek near Springfield, MO"	"CONUS"	"true"	"true"
"07058000"		"USGS"	"Bryant Creek near Tecumseh, MO"	"CONUS"	"true"	"true"
"07144780"	"CASK1"	"USGS"	"NF NINNESCAH R AB CHENEY RE, KS"	"CONUS"	"true"	"true"
"07187000"	"JOPM7"	"USGS"	"Shoal Creek above Joplin, MO"	"CONUS"	"false"	"true"
"07247250"	"PBFO2"	"USGS"	"Black Fork below Big Creek nr Page, OK"	"CONUS"	"true"	"true"
"07257500"	"STVA4"	"USGS"	"Illinois Bayou near Scottsville, AR"	"CONUS"	"true"	"true"
"07263295"	"WLMA4"	"USGS"	"Maumelle River at Williams Junction, AR"	"CONUS"	"true"	"true"
"072632982"	"RCIA4"	"USGS"	"Reece Creek at Little Italy, AR"	"CONUS"	"true"	"true"
"07312200"	"ELTT2"	"USGS"	"Beaver Ck nr Electra, TX"	"CONUS"	"true"	"true"
"07325860"	"AWCO2"	"USGS"	"Willow Creek near Albert, OK"	"CONUS"	"true"	"true"
"06927000"	"WPHM7"	"USGS"	"Maries River at Westphalia, MO"	"CONUS"	"true"	"true"
"07377000"	"DARL1"	"USGS"	"Amite River near Darlington, LA"	"CONUS"	"true"	"true"
"08159000"	"ATIT2"	"USGS"	"Onion Ck at US Hwy 183, Austin, TX"	"CONUS"	"false"	"true"
"08269000"	"RPTN5"	"USGS"	"RIO PUEBLO DE TAOS NEAR TAOS, NM"	"CONUS"	"true"	"true"
"08324000"	"JEZN5"	"USGS"	"JEMEZ RIVER NEAR JEMEZ, NM"	"CONUS"	"true"	"true"
"08400000"	"LKWN5"	"USGS"	"FOURMILE DRAW NR LAKEWOOD, NM"	"CONUS"	"true"	"true"
"09146020"	"UNOC2"	"USGS"	"UNCOMPAHGRE RIVER NEAR OURAY, CO"	"CONUS"	"true"	"true"
"09292000"	"YEZU1"	"USGS"	"YELLOWSTONE R @ BRIDGE CMPGRND NR ALTONAH, UT"	"CONUS"	"true"	"true"
"08202700"	"SCRT2"	"USGS"	"Seco Ck at Rowe Rh nr D'Hanis, TX"	"CONUS"	"true"	"true"
"09487000"	"BWTA3"	"USGS"	"BRAWLEY WASH NEAR THREE POINTS, AZ."	"CONUS"	"true"	"true"
"09505350"	"DBVA3"	"USGS"	"DRY BEAVER CREEK NEAR RIMROCK, AZ"	"CONUS"	"true"	"true"
"10234500"	"BEVU1"	"USGS"	"BEAVER RIVER NEAR BEAVER, UT"	"CONUS"	"true"	"true"
"10249300"	"TWRN2"	"USGS"	"S TWIN RV NR ROUND MOUNTAIN, NV"	"CONUS"	"true"	"true"
"10316500"	"LCLN2"	"USGS"	"LAMOILLE CK NR LAMOILLE, NV"	"CONUS"	"true"	"true"
"10396000"	"DONO3"	"USGS"	"DONNER UND BLITZEN RIVER NR FRENCHGLEN OR"	"CONUS"	"true"	"true"
"09408000"	"LEEU1"	"USGS"	"LEEDS CREEK NEAR LEEDS, UT"	"CONUS"	"true"	"true"
"11162500"	"PECC1"	"USGS"	"PESCADERO C NR PESCADERO CA"	"CONUS"	"true"	"true"
"11264500"	"HPIC1"	"USGS"	"MERCED R A HAPPY ISLES BRIDGE NR YOSEMITE CA"	"CONUS"	"true"	"true"
"11284400"	"BCWC1"	"USGS"	"BIG C AB WHITES GULCH NR GROVELAND CA"	"CONUS"	"true"	"true"
"11451100"	"HOUC1"	"USGS"	"NF CACHE C A HOUGH SPRING NR CLEARLAKE OAKS CA"	"CONUS"	"true"	"true"
"11475800"	"LEGC1"	"USGS"	"SF EEL R A LEGGETT CA"	"CONUS"	"true"	"true"
"11523200"	"TCCC1"	"USGS"	"TRINITY R AB COFFEE C NR TRINITY CENTER CA"	"CONUS"	"true"	"true"
"12143400"	"GARW1"	"USGS"	"SF SNOQUALMIE RIVER AB ALICE CREEK NEAR GARCIA, WA"	"CONUS"	"true"	"true"
"12210900"		"USGS"	"ANDERSON CREEK AT SMITH ROAD NEAR GOSHEN, WA"	"CONUS"	"true"	"true"
"12324590"	"LBFM8"	"USGS"	"Little Blackfoot River near Garrison MT"	"CONUS"	"true"	"true"
"12363000"	"CFMM8"	"USGS"	"Flathead River at Columbia Falls MT"	"CONUS"	"true"	"true"
"13139510"		"USGS"	"BIG WOOD RIVER AT HAILEY ID TOTAL FLOW"	"CONUS"	"true"	"true"
"13215000"	"WARO3"	"USGS"	"MALHEUR RIVER BEL WARMSPRINGS RES NR RIVERSIDE OR"	"CONUS"	"true"	"true"
"13340600"	"CRSI1"	"USGS"	"NF CLEARWATER RIVER NR CANYON RANGER STATION ID"	"CONUS"	"true"	"true"
"14182500"		"USGS"	"LITTLE NORTH SANTIAM RIVER NEAR MEHAMA, OR"	"CONUS"	"true"	"true"
"50049100"	"RPOP4"	"USGS"	"RIO PIEDRAS AT HATO REY, PR"	"Puerto Rico"	"true"	"true"
"50049620"	"QMAP4"	"USGS"	"QDA. MARGARITA AT CAPARRA INTER. NR GUAYNABO, PR"	"Puerto Rico"	"true"	"true"
"50050900"	"SLLP4"	"USGS"	"RIO GRANDE DE LOIZA AT QUEBRADA ARENAS, PR"	"Puerto Rico"	"true"	"true"
"50051310"	"SLKP4"	"USGS"	"RIO CAYAGUAS AT CERRO GORDO, PR"	"Puerto Rico"	"true"	"true"
"50051800"	"SLNP4"	"USGS"	"RIO GRANDE DE LOIZA AT HWY 183 SAN LORENZO, PR"	"Puerto Rico"	"true"	"true"
"50053025"	"CAKP4"	"USGS"	"RIO TURABO ABV BORINQUEN, PR"	"Puerto Rico"	"true"	"true"
"50055000"	"CAGP4"	"USGS"	"RIO GRANDE DE LOIZA AT CAGUAS, PR"	"Puerto Rico"	"true"	"true"
"50057000"	"GURP4"	"USGS"	"RIO GURABO AT GURABO, PR"	"Puerto Rico"	"true"	"true"
"50058350"	"CAPP4"	"USGS"	"RIO CANAS AT RIO CANAS, PR"	"Puerto Rico"	"true"	"true"
"50059210"	"TRJP4"	"USGS"	"QUEBRADA GRANDE AT BO. DOS BOCAS, PR"	"Puerto Rico"	"true"	"true"
"50063800"	"VEDP4"	"USGS"	"RIO ESPIRITU SANTO NR RIO GRANDE, PR"	"Puerto Rico"	"true"	"true"
"50064200"	"VERP4"	"USGS"	"RIO GRANDE NR EL VERDE, PR"	"Puerto Rico"	"true"	"true"
"50065500"	"MSAP4"	"USGS"	"RIO MAMEYES NR SABANA, PR"	"Puerto Rico"	"true"	"true"
"50070900"	"FAEP4"	"USGS"	"RIO FAJARDO AT PARAISO NR FAJARDO, PR"	"Puerto Rico"	"true"	"true"
"50075000"	"NGIP4"	"USGS"	"RIO ICACOS NR NAGUABO, PR"	"Puerto Rico"	"true"	"true"
"50076000"		"USGS"	"RIO BLANCO NR FLORIDA, PR"	"Puerto Rico"	"true"	"true"
"50083500"	"YBUP4"	"USGS"	"RIO GUAYANES NR YABUCOA, PR"	"Puerto Rico"	"true"	"true"
"50085100"	"GCRP4"	"USGS"	"RIO GUAYANES AT CENTRAL ROIG, PR"	"Puerto Rico"	"true"	"true"
"50090500"	"MAUP4"	"USGS"	"RIO MAUNABO AT LIZAS, PR"	"Puerto Rico"	"true"	"true"
"50092000"	"PATP4"	"USGS"	"RIO GRANDE DE PATILLAS NR PATILLAS, PR"	"Puerto Rico"	"true"	"true"
"50093000"	"PANP4"	"USGS"	"RIO MARIN NR PATILLAS, PR"	"Puerto Rico"	"true"	"true"
"50055750"	"GUTP4"	"USGS"	"RIO GURABO BLW EL MANGO, PR"	"Puerto Rico"	"true"	"true"
"01605500"	"FKLW2"	"USGS"	"SOUTH BRANCH POTOMAC RIVER AT FRANKLIN, WV"	"CONUS"	"true"	"true"
"02128000"		"USGS"	"LITTLE RIVER NEAR STAR, NC"	"CONUS"	"true"	"true"
"50129254"	"LOGP4"	"USGS"	"RIO LOCO AT LAS LATAS NR LA JOYA NR GUANICA, PR"	"Puerto Rico"	"true"	"true"
"01362370"	"CHIN6"	"USGS"	"STONY CLOVE CREEK BLW OX CLOVE AT CHICHESTER NY"	"CONUS"	"true"	"true"
"02327100"	"SOPF1"	"USGS"	"SOPCHOPPY RIVER NR SOPCHOPPY, FLA."	"CONUS"	"true"	"true"
"02423400"	"JPKA1"	"USGS"	"LITTLE CAHABA RIVER NR JEFFERSON PARK, AL."	"CONUS"	"true"	"true"
"03170000"	"GRYV2"	"USGS"	"LITTLE RIVER AT GRAYSONTOWN, VA"	"CONUS"	"true"	"true"
"03364500"	"CCHI3"	"USGS"	"CLIFTY CREEK AT HARTSVILLE, IN"	"CONUS"	"true"	"true"
"04197170"	"ROCO1"	"USGS"	"Rock Creek at Tiffin OH"	"CONUS"	"true"	"true"
"06392900"		"USGS"	"BEAVER CREEK AT MALLO CAMP, NEAR FOUR CORNERS, WY"	"CONUS"	"true"	"true"
"06632400"	"KCRW4"	"USGS"	"ROCK CREEK AB KING CANYON CANAL, NR ARLINGTON, WY"	"CONUS"	"true"	"true"
"06909950"	"BONM7"	"USGS"	"Petite Saline Creek at Hwy U nr Boonville, M0"	"CONUS"	"true"	"true"
"0810464660"	"GNRT2"	"USGS"	"N Fk San Gabriel Rv at Reagan Blvd nr Leander, TX"	"CONUS"	"true"	"true"
"08181480"	"LKST2"	"USGS"	"Leon Ck at IH 35, San Antonio, TX"	"CONUS"	"true"	"true"
"08200977"	"VCKT2"	"USGS"	"Middle Verde Ck at SH 173 nr Bandera, TX"	"CONUS"	"true"	"true"
"08380500"	"MTZN5"	"USGS"	"GALLINAS CREEK NEAR MONTEZUMA, NM"	"CONUS"	"true"	"true"
"07149000"	"KIOK1"	"USGS"	"MEDICINE LODGE R NR KIOWA, KS"	"CONUS"	"true"	"true"
"09399400"	"JCCA3"	"USGS"	"JACKS CANYON CREEK NEAR WINSLOW, AZ"	"CONUS"	"true"	"true"
"10166430"	"WESU1"	"USGS"	"WEST CANYON CREEK NEAR CEDAR FORT, UT"	"CONUS"	"true"	"true"
"11046360"	"CRIC1"	"USGS"	"CRISTIANITOS C AB SAN MATEO C NR SAN CLEMENTE CA"	"CONUS"	"true"	"true"
"12377150"	"MSNM8"	"USGS"	"Mission Creek ab reservoir nr St. Ignatius MT"	"CONUS"	"true"	"true"
"14107000"	"KLCW1"	"USGS"	"KLICKITAT RIVER ABOVE WEST FORK NEAR GLENWOOD, WA"	"CONUS"	"true"	"true"
"14159200"	"SFCO3"	"USGS"	"SO FK MCKENZIE RIVER ABV COUGAR LAKE NR RAINBOW OR"	"CONUS"	"true"	"true"
"14242580"	"TOTW1"	"USGS"	"TOUTLE RIVER AT TOWER ROAD NEAR SILVER LAKE, WA"	"CONUS"	"true"	"true"
"14307620"	"MPLO3"	"USGS"	"SIUSLAW RIVER NEAR MAPLETON, OR"	"CONUS"	"true"	"true"
"50055225"	"CAMP4"	"USGS"	"RIO CAGUITAS AT VILLA BLANCA AT CAGUAS, PR"	"Puerto Rico"	"true"	"true"
"50081000"	"PIEP4"	"USGS"	"RIO HUMACAO AT LAS PIEDRAS, PR"	"Puerto Rico"	"true"	"true"
"02342850"	"UNIG1"	"USGS"	"HANNAHATCHEE CREEK AT UNION ROAD, AT UNION, GA"	"CONUS"	"true"	"true"
"02343225"	"MRSG1"	"USGS"	"PATAULA CREEK NEAR GEORGETOWN, GA"	"CONUS"	"true"	"true"
"02344620"	"SHPG1"	"USGS"	"SHOAL CREEK AT GA54, NEAR SHARPSBURG, GA"	"CONUS"	"true"	"true"
"02349605"	"MNTG1"	"USGS"	"FLINT RIVER AT GA 26, NEAR MONTEZUMA, GA"	"CONUS"	"true"	"true"
"02349900"	"BVLG1"	"USGS"	"TURKEY CREEK AT BYROMVILLE, GA"	"CONUS"	"true"	"true"
"02350600"	"PRSG1"	"USGS"	"KINCHAFOONEE CREEK AT PRESTON, GA"	"CONUS"	"true"	"true"
"07096250"	"FRCC2"	"USGS"	"FOURMILE CREEK BELOW CRIPPLE CREEK NEAR VICTOR, CO"	"CONUS"	"true"	"true"
"11151300"	"KCYC1"	"USGS"	"SAN LORENZO C BL BITTERWATER C NR KING CITY CA"	"CONUS"	"true"	"true"
"13240000"	"LFPI1"	"USGS"	"LAKE FORK PAYETTE RIVER AB JUMBO CR NR MCCALL ID"	"CONUS"	"true"	"true"
"10257600"	"MSYC1"	"USGS"	"MISSION C NR DESERT HOT SPRINGS CA"	"CONUS"	"true"	"true"
"10259000"	"ANRC1"	"USGS"	"ANDREAS C NR PALM SPRINGS CA"	"CONUS"	"true"	"true"
"10259200"	"DEPC1"	"USGS"	"DEEP C NR PALM DESERT CA"	"CONUS"	"true"	"true"
"10263500"	"BRQC1"	"USGS"	"BIG ROCK C NR VALYERMO CA"	"CONUS"	"true"	"true"
"03201902"		"USGS"	"Raccoon Creek near Bolins Mills OH"	"CONUS"	"true"	"true"
"03202400"	"BAIW2"	"USGS"	"GUYANDOTTE RIVER NEAR BAILEYSVILLE, WV"	"CONUS"	"true"	"true"
"03206600"	"DUNW2"	"USGS"	"EAST FORK TWELVEPOLE CREEK NEAR DUNLOW, WV"	"CONUS"	"true"	"true"
"03207800"	"BIGV2"	"USGS"	"LEVISA FORK AT BIG ROCK, VA"	"CONUS"	"true"	"true"
"01539000"	"FCKP1"	"USGS"	"Fishing Creek near Bloomsburg, PA"	"CONUS"	"true"	"true"
"01543000"	"SRRP1"	"USGS"	"Driftwood Br Sinnemahoning Cr at Sterling Run, PA"	"CONUS"	"true"	"true"
"01544500"	"CRFP1"	"USGS"	"Kettle Creek at Cross Fork, PA"	"CONUS"	"true"	"true"
"01545600"	"RNOP1"	"USGS"	"Young Womans Creek near Renovo, PA"	"CONUS"	"true"	"true"
"01547700"	"BNDP1"	"USGS"	"Marsh Creek at Blanchard, PA"	"CONUS"	"true"	"true"
"01547950"	"MNTP1"	"USGS"	"Beech Creek at Monument, PA"	"CONUS"	"true"	"true"
"01548500"	"CEDP1"	"USGS"	"Pine Creek at Cedar Run, PA"	"CONUS"	"true"	"true"
"01549500"	"ENGP1"	"USGS"	"Blockhouse Creek near English Center, PA"	"CONUS"	"true"	"true"
"01550000"	"TRLP1"	"USGS"	"Lycoming Creek near Trout Run, PA"	"CONUS"	"true"	"true"
"01552000"	"LOYP1"	"USGS"	"Loyalsock Creek at Loyalsockville, PA"	"CONUS"	"true"	"true"
"01552500"	"SONP1"	"USGS"	"Muncy Creek near Sonestown, PA"	"CONUS"	"true"	"true"
"03208950"	"CNRV2"	"USGS"	"CRANES NEST RIVER NEAR CLINTWOOD, VA"	"CONUS"	"true"	"true"
"09081600"	"RCYC2"	"USGS"	"CRYSTAL RIVER ABV AVALANCHE CRK, NEAR REDSTONE, CO"	"CONUS"	"true"	"true"
"09107000"	"TRAC2"	"USGS"	"TAYLOR RIVER AT TAYLOR PARK, CO."	"CONUS"	"true"	"true"
